train_class_loss_step,step,train_acc5_step,epoch,train_acc1_step,train_nce_loss_step,val_knn_acc1,val_knn_acc5,val_acc1,val_acc5,val_loss,train_acc1_epoch,train_class_loss_epoch,train_acc5_epoch,train_nce_loss_epoch
4.561635971069336,49,8.3984375,0,1.953125,5.279585838317871,,,,,,,,,
4.483012676239014,99,10.9375,0,1.7578125,4.871484279632568,,,,,,,,,
4.357545852661133,149,17.96875,0,4.4921875,4.785271644592285,,,,,,,,,
,194,,0,,,10.010000228881836,26.260000228881836,9.420000076293945,28.5,4.028709411621094,,,,
,194,,0,,,,,,,,4.043469429016113,4.418826580047607,14.465144157409668,4.83745002746582
3.9871296882629395,199,32.6171875,1,8.984375,4.168436050415039,,,,,,,,,
3.9281492233276367,249,31.640625,1,10.546875,3.799170970916748,,,,,,,,,
3.8834757804870605,299,33.203125,1,11.328125,3.818809986114502,,,,,,,,,
3.853794574737549,349,33.7890625,1,12.890625,3.3182685375213623,,,,,,,,,
,389,,1,,,15.569999694824219,34.529998779296875,15.969999313354492,39.18000030517578,3.6395225524902344,,,,
,389,,1,,,,,,,,10.403645515441895,3.964022159576416,29.575321197509766,3.7010836601257324
3.72934889793396,399,36.71875,2,16.015625,3.26827335357666,,,,,,,,,
3.831852674484253,449,33.203125,2,11.71875,3.025538206100464,,,,,,,,,
3.7563483715057373,499,35.15625,2,15.0390625,3.0027637481689453,,,,,,,,,
3.7397732734680176,549,37.3046875,2,15.625,2.8538241386413574,,,,,,,,,
,584,,2,,,19.260000228881836,38.16999816894531,17.869998931884766,42.78999710083008,3.544682025909424,,,,
,584,,2,,,,,,,,13.98938274383545,3.7552456855773926,36.059696197509766,3.074415683746338
3.7512893676757812,599,38.671875,3,16.9921875,2.844381093978882,,,,,,,,,
3.7235310077667236,649,37.890625,3,13.28125,2.708362579345703,,,,,,,,,
3.672348737716675,699,40.4296875,3,16.6015625,2.681643009185791,,,,,,,,,
3.5024337768554688,749,43.9453125,3,19.921875,2.5880837440490723,,,,,,,,,
,779,,3,,,22.549999237060547,44.540000915527344,20.3799991607666,46.189998626708984,3.5122385025024414,,,,
,779,,3,,,,,,,,16.4743595123291,3.618208408355713,40.36658477783203,2.7163124084472656
3.4039793014526367,799,46.484375,4,21.2890625,2.5317845344543457,,,,,,,,,
3.4111814498901367,849,46.6796875,4,22.265625,2.754805088043213,,,,,,,,,
3.5776567459106445,899,41.6015625,4,15.0390625,2.467667579650879,,,,,,,,,
3.576408863067627,949,41.40625,4,16.40625,2.5061047077178955,,,,,,,,,
,974,,4,,,23.110000610351562,44.9900016784668,21.149999618530273,46.79999923706055,3.499537467956543,,,,
,974,,4,,,,,,,,18.14402961730957,3.5351672172546387,43.11097717285156,2.5408473014831543
3.34850811958313,999,45.703125,5,20.8984375,2.213667392730713,,,,,,,,,
3.642277717590332,1049,39.84375,5,15.4296875,2.337360382080078,,,,,,,,,
3.2866573333740234,1099,47.65625,5,19.7265625,2.1634280681610107,,,,,,,,,
3.391972303390503,1149,46.2890625,5,20.5078125,2.4979400634765625,,,,,,,,,
,1169,,5,,,24.6299991607666,47.720001220703125,21.899999618530273,49.25,3.525526523590088,,,,
,1169,,5,,,,,,,,19.47616195678711,3.504077434539795,44.62640380859375,2.4050841331481934
3.4805848598480225,1199,48.2421875,6,20.1171875,2.258066177368164,,,,,,,,,
3.7217535972595215,1249,41.6015625,6,17.1875,2.337434768676758,,,,,,,,,
3.529167413711548,1299,45.1171875,6,18.75,2.191204071044922,,,,,,,,,
3.7334983348846436,1349,41.6015625,6,19.7265625,2.207063674926758,,,,,,,,,
,1364,,6,,,25.43000030517578,48.06999969482422,22.5,49.86000061035156,3.5176873207092285,,,,
,1364,,6,,,,,,,,20.398637771606445,3.49697208404541,45.56290054321289,2.311429023742676
3.655916213989258,1399,44.140625,7,17.3828125,2.300685405731201,,,,,,,,,
3.65364408493042,1449,44.7265625,7,18.359375,2.1496009826660156,,,,,,,,,
3.404646635055542,1499,46.2890625,7,22.0703125,2.25136399269104,,,,,,,,,
3.628746747970581,1549,43.359375,7,15.8203125,2.336359739303589,,,,,,,,,
,1559,,7,,,26.06999969482422,50.31999969482422,23.369998931884766,51.119998931884766,3.5083487033843994,,,,
,1559,,7,,,,,,,,20.90244483947754,3.5050907135009766,46.6596565246582,2.232513666152954
3.5849971771240234,1599,46.09375,8,20.8984375,1.9917138814926147,,,,,,,,,
3.404700756072998,1649,50.9765625,8,24.21875,2.0860326290130615,,,,,,,,,
3.4573750495910645,1699,50.390625,8,21.875,2.2383787631988525,,,,,,,,,
3.5403058528900146,1749,47.265625,8,23.6328125,1.8427637815475464,,,,,,,,,
,1754,,8,,,27.8700008392334,52.220001220703125,23.65999984741211,50.209999084472656,3.5969581604003906,,,,
,1754,,8,,,,,,,,21.990184783935547,3.497204303741455,47.79647445678711,2.153033971786499
3.6731455326080322,1799,45.703125,9,21.09375,2.1212191581726074,,,,,,,,,
3.397644519805908,1849,49.21875,9,24.21875,2.286290407180786,,,,,,,,,
3.661947250366211,1899,47.0703125,9,21.2890625,2.1438450813293457,,,,,,,,,
3.6886632442474365,1949,45.8984375,9,22.65625,2.188971757888794,,,,,,,,,
,1949,,9,,,29.469999313354492,55.150001525878906,27.65999984741211,54.78999710083008,3.401381492614746,,,,
,1949,,9,,,,,,,,22.16145896911621,3.5003623962402344,48.542667388916016,2.112074851989746
3.1472742557525635,1999,55.2734375,10,27.34375,1.8072839975357056,,,,,,,,,
3.4965286254882812,2049,47.65625,10,22.0703125,2.1177878379821777,,,,,,,,,
3.370077133178711,2099,51.953125,10,22.0703125,1.9942458868026733,,,,,,,,,
,2144,,10,,,31.190000534057617,55.56999969482422,29.3799991607666,57.78999710083008,3.1877479553222656,,,,
,2144,,10,,,,,,,,23.59375,3.4128735065460205,50.25040054321289,2.0431716442108154
3.3226399421691895,2149,52.9296875,11,25.5859375,2.1945204734802246,,,,,,,,,
3.2857489585876465,2199,52.5390625,11,25.1953125,2.0611348152160645,,,,,,,,,
3.509850025177002,2249,48.2421875,11,25.0,1.9081050157546997,,,,,,,,,
3.60726261138916,2299,47.65625,11,23.6328125,2.2345781326293945,,,,,,,,,
,2339,,11,,,30.700000762939453,54.75,25.439998626708984,55.099998474121094,3.476210355758667,,,,
,2339,,11,,,,,,,,24.618389129638672,3.3674376010894775,51.645633697509766,2.00189208984375
3.4195001125335693,2349,52.34375,12,25.78125,1.947691798210144,,,,,,,,,
3.5639164447784424,2399,49.0234375,12,21.2890625,2.1578922271728516,,,,,,,,,
3.6365513801574707,2449,45.5078125,12,21.875,1.7472946643829346,,,,,,,,,
3.125514507293701,2499,56.640625,12,27.734375,1.8451635837554932,,,,,,,,,
,2534,,12,,,30.450000762939453,55.0,27.389999389648438,56.39999771118164,3.2456867694854736,,,,
,2534,,12,,,,,,,,25.396635055541992,3.3214943408966064,52.730369567871094,1.9576390981674194
3.3768911361694336,2549,52.9296875,13,25.0,1.950743556022644,,,,,,,,,
3.2204020023345947,2599,52.734375,13,22.265625,1.9616084098815918,,,,,,,,,
3.1943557262420654,2649,56.640625,13,25.9765625,1.9177348613739014,,,,,,,,,
3.1758668422698975,2699,60.3515625,13,29.8828125,1.8586946725845337,,,,,,,,,
,2729,,13,,,32.310001373291016,57.810001373291016,31.239999771118164,60.29999923706055,3.140204429626465,,,,
,2729,,13,,,,,,,,25.975561141967773,3.265305995941162,53.53765869140625,1.9237664937973022
3.0947794914245605,2749,54.4921875,14,26.5625,1.9496203660964966,,,,,,,,,
3.0781185626983643,2799,56.0546875,14,27.734375,1.8934335708618164,,,,,,,,,
3.1536612510681152,2849,57.8125,14,26.5625,1.8198621273040771,,,,,,,,,
3.0274596214294434,2899,54.8828125,14,27.5390625,1.7908424139022827,,,,,,,,,
,2924,,14,,,30.799999237060547,55.7400016784668,29.35999870300293,58.57999801635742,3.318840503692627,,,,
,2924,,14,,,,,,,,27.12940788269043,3.1820826530456543,55.12620162963867,1.8765003681182861
3.1557483673095703,2949,53.125,15,25.390625,1.9502100944519043,,,,,,,,,
2.7443413734436035,2999,62.3046875,15,37.3046875,1.8606606721878052,,,,,,,,,
3.0530436038970947,3049,58.0078125,15,32.8125,1.6903955936431885,,,,,,,,,
3.171391010284424,3099,54.1015625,15,29.8828125,1.7975759506225586,,,,,,,,,
,3119,,15,,,31.420000076293945,57.09000015258789,30.85999870300293,60.119998931884766,3.067789077758789,,,,
,3119,,15,,,,,,,,27.94871711730957,3.133938789367676,55.88140869140625,1.8494266271591187
3.3047263622283936,3149,50.9765625,16,25.9765625,1.9105944633483887,,,,,,,,,
3.380124568939209,3199,50.1953125,16,24.4140625,1.8969132900238037,,,,,,,,,
3.247910499572754,3249,55.859375,16,27.5390625,1.8347218036651611,,,,,,,,,
3.06657075881958,3299,58.0078125,16,30.859375,1.7525181770324707,,,,,,,,,
,3314,,16,,,32.47999954223633,57.720001220703125,32.54999923706055,61.46999740600586,2.9192862510681152,,,,
,3314,,16,,,,,,,,28.093950271606445,3.117856740951538,56.39723587036133,1.826310396194458
3.3679380416870117,3349,54.296875,17,26.7578125,1.8206984996795654,,,,,,,,,
3.1090445518493652,3399,56.25,17,30.078125,1.8786627054214478,,,,,,,,,
2.96389102935791,3449,58.203125,17,32.2265625,1.6863212585449219,,,,,,,,,
3.30991792678833,3499,53.7109375,17,24.609375,1.9725816249847412,,,,,,,,,
,3509,,17,,,34.810001373291016,60.290000915527344,32.07999801635742,61.54999923706055,3.0774173736572266,,,,
,3509,,17,,,,,,,,29.37800407409668,3.0354721546173096,57.73637771606445,1.806291937828064
2.918004274368286,3549,62.5,18,32.421875,1.6326630115509033,,,,,,,,,
2.9710230827331543,3599,58.59375,18,26.953125,1.6706817150115967,,,,,,,,,
2.934422016143799,3649,57.8125,18,29.4921875,1.6599026918411255,,,,,,,,,
2.9896457195281982,3699,57.8125,18,28.7109375,1.752612829208374,,,,,,,,,
,3704,,18,,,34.720001220703125,60.22999954223633,32.70000076293945,63.37999725341797,2.8583498001098633,,,,
,3704,,18,,,,,,,,29.688501358032227,2.9937903881073,58.50661087036133,1.7750178575515747
2.8101906776428223,3749,60.3515625,19,30.859375,1.751495361328125,,,,,,,,,
2.828561305999756,3799,60.9375,19,30.859375,1.8682451248168945,,,,,,,,,
2.9010872840881348,3849,58.59375,19,33.7890625,1.7988648414611816,,,,,,,,,
3.1596920490264893,3899,58.0078125,19,25.5859375,1.7625482082366943,,,,,,,,,
,3899,,19,,,34.369998931884766,59.54999923706055,33.90999984741211,65.0199966430664,2.8718905448913574,,,,
,3899,,19,,,,,,,,30.225360870361328,2.9519922733306885,59.28986358642578,1.756819248199463
2.8255887031555176,3949,62.6953125,20,30.859375,1.682175874710083,,,,,,,,,
2.7483973503112793,3999,61.1328125,20,34.5703125,1.7720953226089478,,,,,,,,,
2.7193779945373535,4049,62.109375,20,32.421875,1.748244047164917,,,,,,,,,
,4094,,20,,,34.65999984741211,60.45000076293945,32.84000015258789,62.519996643066406,2.966289758682251,,,,
,4094,,20,,,,,,,,30.874399185180664,2.9326729774475098,59.598358154296875,1.7532943487167358
3.40708065032959,4099,48.828125,21,26.3671875,1.676830530166626,,,,,,,,,
2.9262986183166504,4149,57.6171875,21,27.734375,1.5180103778839111,,,,,,,,,
3.0244626998901367,4199,56.0546875,21,28.3203125,1.7433862686157227,,,,,,,,,
2.806715965270996,4249,65.0390625,21,31.0546875,1.6290395259857178,,,,,,,,,
,4289,,21,,,35.400001525878906,60.7599983215332,37.14999771118164,67.5,2.5872180461883545,,,,
,4289,,21,,,,,,,,31.262020111083984,2.881237506866455,60.18629837036133,1.7122056484222412
2.933030366897583,4299,61.328125,22,33.7890625,1.6591858863830566,,,,,,,,,
2.820352554321289,4349,60.546875,22,32.03125,1.6603024005889893,,,,,,,,,
3.1678028106689453,4399,55.2734375,22,29.1015625,1.664961576461792,,,,,,,,,
2.7976813316345215,4449,62.6953125,22,33.59375,1.4340479373931885,,,,,,,,,
,4484,,22,,,35.209999084472656,60.720001220703125,38.0099983215332,67.54999542236328,2.5592153072357178,,,,
,4484,,22,,,,,,,,31.80989646911621,2.856942892074585,60.737178802490234,1.7001999616622925
2.5898590087890625,4499,65.625,23,32.421875,1.668930172920227,,,,,,,,,
2.7756152153015137,4549,58.984375,23,33.3984375,1.6327781677246094,,,,,,,,,
3.0166616439819336,4599,59.5703125,23,32.8125,1.8509306907653809,,,,,,,,,
3.0245285034179688,4649,60.15625,23,29.6875,1.6186686754226685,,,,,,,,,
,4679,,23,,,36.61000061035156,61.900001525878906,35.96999740600586,65.3699951171875,2.7195680141448975,,,,
,4679,,23,,,,,,,,32.35977554321289,2.8331856727600098,61.238983154296875,1.6964399814605713
2.6826794147491455,4699,66.2109375,24,33.0078125,1.5026814937591553,,,,,,,,,
2.9579803943634033,4749,59.5703125,24,33.59375,1.6606261730194092,,,,,,,,,
2.7950873374938965,4799,59.1796875,24,32.421875,1.7372941970825195,,,,,,,,,
2.733553409576416,4849,62.890625,24,35.3515625,1.631651520729065,,,,,,,,,
,4874,,24,,,34.72999954223633,60.79999923706055,38.73999786376953,68.22999572753906,2.4974961280822754,,,,
,4874,,24,,,,,,,,32.64022445678711,2.7816760540008545,62.354766845703125,1.6616827249526978
2.7378008365631104,4899,63.671875,25,33.984375,1.711843729019165,,,,,,,,,
2.568260431289673,4949,67.1875,25,35.3515625,1.5087406635284424,,,,,,,,,
2.928478956222534,4999,58.203125,25,30.859375,1.7871547937393188,,,,,,,,,
2.724648952484131,5049,64.84375,25,31.640625,1.6987495422363281,,,,,,,,,
,5069,,25,,,37.06999969482422,63.0099983215332,39.14999771118164,70.20999908447266,2.451441526412964,,,,
,5069,,25,,,,,,,,33.48357391357422,2.741731882095337,62.886619567871094,1.6449549198150635
2.713811159133911,5099,62.5,26,33.203125,1.7750428915023804,,,,,,,,,
2.652256965637207,5149,64.6484375,26,32.8125,1.6795985698699951,,,,,,,,,
2.9017539024353027,5199,59.9609375,26,31.8359375,1.6663672924041748,,,,,,,,,
2.7259907722473145,5249,61.9140625,26,32.6171875,1.5081889629364014,,,,,,,,,
,5264,,26,,,36.619998931884766,62.0,37.540000915527344,68.20999908447266,2.5004849433898926,,,,
,5264,,26,,,,,,,,33.38140869140625,2.732541084289551,63.106971740722656,1.6520527601242065
2.8468449115753174,5299,58.984375,27,32.6171875,1.900838851928711,,,,,,,,,
2.6358232498168945,5349,62.3046875,27,34.1796875,1.649968147277832,,,,,,,,,
2.5724072456359863,5399,64.84375,27,34.1796875,1.4629486799240112,,,,,,,,,
2.644484519958496,5449,64.453125,27,36.9140625,1.681342363357544,,,,,,,,,
,5459,,27,,,35.5,61.540000915527344,38.57999801635742,68.98999786376953,2.499330520629883,,,,
,5459,,27,,,,,,,,33.9252815246582,2.7141740322113037,63.419471740722656,1.6276150941848755
2.663789749145508,5499,64.6484375,28,33.3984375,1.7219996452331543,,,,,,,,,
2.699045181274414,5549,62.6953125,28,38.28125,1.5332281589508057,,,,,,,,,
2.508779525756836,5599,67.7734375,28,37.6953125,1.583664894104004,,,,,,,,,
2.7468433380126953,5649,62.3046875,28,34.375,1.522749423980713,,,,,,,,,
,5654,,28,,,38.09000015258789,63.189998626708984,39.619998931884766,69.77999877929688,2.44970965385437,,,,
,5654,,28,,,,,,,,34.42407989501953,2.666607141494751,64.11058044433594,1.6020399332046509
2.689692735671997,5699,65.4296875,29,37.890625,1.7322580814361572,,,,,,,,,
2.599848985671997,5749,67.578125,29,33.3984375,1.3773329257965088,,,,,,,,,
2.674804925918579,5799,64.2578125,29,36.1328125,1.5215232372283936,,,,,,,,,
2.575835943222046,5849,64.6484375,29,36.328125,1.5063631534576416,,,,,,,,,
,5849,,29,,,36.650001525878906,62.310001373291016,38.72999954223633,68.97000122070312,2.4570021629333496,,,,
,5849,,29,,,,,,,,34.864784240722656,2.649859666824341,64.58032989501953,1.6136908531188965
2.6239609718322754,5899,66.2109375,30,33.984375,1.6221976280212402,,,,,,,,,
2.590998411178589,5949,65.4296875,30,35.9375,1.6495548486709595,,,,,,,,,
2.790897846221924,5999,62.5,30,31.640625,1.782231092453003,,,,,,,,,
,6044,,30,,,38.36000061035156,63.79999923706055,39.86000061035156,70.48999786376953,2.4054324626922607,,,,
,6044,,30,,,,,,,,35.145233154296875,2.6197824478149414,64.95893096923828,1.581985592842102
2.314847946166992,6049,69.53125,31,39.6484375,1.459869384765625,,,,,,,,,
2.6710574626922607,6099,61.9140625,31,34.1796875,1.6883128881454468,,,,,,,,,
2.614748001098633,6149,66.015625,31,33.59375,1.6975727081298828,,,,,,,,,
2.6781136989593506,6199,64.2578125,31,31.640625,1.7550371885299683,,,,,,,,,
,6239,,31,,,37.650001525878906,63.09000015258789,40.54999923706055,71.68999481201172,2.361630916595459,,,,
,6239,,31,,,,,,,,35.64703369140625,2.6028075218200684,65.22535705566406,1.583196759223938
2.500089645385742,6249,67.3828125,32,36.1328125,1.562441110610962,,,,,,,,,
2.5365638732910156,6299,66.40625,32,35.7421875,1.6896159648895264,,,,,,,,,
2.5957565307617188,6349,66.015625,32,35.9375,1.6720503568649292,,,,,,,,,
2.671027660369873,6399,63.4765625,32,32.2265625,1.7826547622680664,,,,,,,,,
,6434,,32,,,39.63999938964844,65.01000213623047,40.5,71.43000030517578,2.3267862796783447,,,,
,6434,,32,,,,,,,,36.04667282104492,2.567971706390381,65.91847229003906,1.564561128616333
2.584442615509033,6449,65.625,33,37.109375,1.484997272491455,,,,,,,,,
2.5570571422576904,6499,64.84375,33,35.9375,1.605589509010315,,,,,,,,,
2.816416025161743,6549,60.7421875,33,31.25,1.5797499418258667,,,,,,,,,
2.41208815574646,6599,69.140625,33,36.5234375,1.3517471551895142,,,,,,,,,
,6629,,33,,,36.54999923706055,62.189998626708984,40.02000045776367,70.15999603271484,2.4208290576934814,,,,
,6629,,33,,,,,,,,36.17888641357422,2.5658981800079346,66.0546875,1.5601921081542969
2.4708211421966553,6649,67.3828125,34,37.3046875,1.6274738311767578,,,,,,,,,
2.489121437072754,6699,66.9921875,34,39.453125,1.590165615081787,,,,,,,,,
2.5477800369262695,6749,65.4296875,34,34.9609375,1.5125315189361572,,,,,,,,,
2.5098819732666016,6799,67.3828125,34,35.546875,1.6168015003204346,,,,,,,,,
,6824,,34,,,36.33000183105469,61.66999816894531,42.209999084472656,71.6199951171875,2.241220235824585,,,,
,6824,,34,,,,,,,,36.76482391357422,2.528498411178589,66.63861846923828,1.541914463043213
2.6361498832702637,6849,66.6015625,35,35.15625,1.6417665481567383,,,,,,,,,
2.507406234741211,6899,65.625,35,38.28125,1.3898098468780518,,,,,,,,,
2.3900279998779297,6949,68.5546875,35,39.0625,1.574836015701294,,,,,,,,,
2.479858875274658,6999,64.6484375,35,40.4296875,1.7412936687469482,,,,,,,,,
,7019,,35,,,36.529998779296875,63.060001373291016,41.959999084472656,72.37999725341797,2.3022093772888184,,,,
,7019,,35,,,,,,,,37.114383697509766,2.512294054031372,66.93509674072266,1.5357815027236938
2.6515283584594727,7049,66.015625,36,34.375,1.5455228090286255,,,,,,,,,
2.351625680923462,7099,71.2890625,36,40.234375,1.518754243850708,,,,,,,,,
2.5618526935577393,7149,68.1640625,36,34.765625,1.6770013570785522,,,,,,,,,
2.610292434692383,7199,64.84375,36,37.890625,1.4031096696853638,,,,,,,,,
,7214,,36,,,38.63999938964844,64.2699966430664,41.7599983215332,73.22000122070312,2.219970464706421,,,,
,7214,,36,,,,,,,,36.96314239501953,2.5068857669830322,67.19751739501953,1.5297282934188843
2.362283706665039,7249,68.5546875,37,41.015625,1.366410255432129,,,,,,,,,
2.672071933746338,7299,65.0390625,37,33.203125,1.433380126953125,,,,,,,,,
2.426783561706543,7349,69.140625,37,41.796875,1.550774097442627,,,,,,,,,
2.635070562362671,7399,63.28125,37,34.1796875,1.465648889541626,,,,,,,,,
,7409,,37,,,38.689998626708984,64.23999786376953,40.84000015258789,71.33999633789062,2.3822920322418213,,,,
,7409,,37,,,,,,,,37.60817337036133,2.482250690460205,67.60416412353516,1.5181490182876587
2.518784999847412,7449,67.7734375,38,36.71875,1.5673940181732178,,,,,,,,,
2.440354347229004,7499,70.8984375,38,37.890625,1.3868186473846436,,,,,,,,,
2.495418071746826,7549,67.3828125,38,38.28125,1.4742753505706787,,,,,,,,,
2.3415684700012207,7599,69.3359375,38,41.796875,1.3882195949554443,,,,,,,,,
,7604,,38,,,39.599998474121094,65.62000274658203,43.97999954223633,74.47999572753906,2.1622660160064697,,,,
,7604,,38,,,,,,,,38.1059684753418,2.453951358795166,68.01982879638672,1.5018779039382935
2.569253444671631,7649,64.2578125,39,36.328125,1.3485546112060547,,,,,,,,,
2.387481689453125,7699,66.796875,39,40.625,1.4825191497802734,,,,,,,,,
2.5314064025878906,7749,65.4296875,39,37.3046875,1.3967056274414062,,,,,,,,,
2.524387836456299,7799,68.9453125,39,37.5,1.573839545249939,,,,,,,,,
,7799,,39,,,37.0,61.83000183105469,39.90999984741211,71.5199966430664,2.3843164443969727,,,,
,7799,,39,,,,,,,,38.4955940246582,2.4431536197662354,68.07191467285156,1.4880679845809937
2.387500047683716,7849,68.5546875,40,38.0859375,1.2930934429168701,,,,,,,,,
2.6353437900543213,7899,63.8671875,40,35.9375,1.4394053220748901,,,,,,,,,
2.584359645843506,7949,65.8203125,40,37.109375,1.4688116312026978,,,,,,,,,
,7994,,40,,,38.5099983215332,64.12999725341797,42.66999816894531,74.13999938964844,2.180880308151245,,,,
,7994,,40,,,,,,,,38.582733154296875,2.429074764251709,68.64183044433594,1.4756261110305786
2.4959654808044434,7999,69.7265625,41,39.2578125,1.5463390350341797,,,,,,,,,
2.5258545875549316,8049,68.5546875,41,34.765625,1.5114877223968506,,,,,,,,,
2.469721794128418,8099,67.1875,41,39.2578125,1.459812879562378,,,,,,,,,
2.306385040283203,8149,71.484375,41,39.0625,1.4011377096176147,,,,,,,,,
,8189,,41,,,38.58000183105469,64.9800033569336,42.41999816894531,73.7699966430664,2.2310996055603027,,,,
,8189,,41,,,,,,,,38.84314727783203,2.4097728729248047,68.76302337646484,1.4709067344665527
2.300049304962158,8199,70.703125,42,41.796875,1.564293384552002,,,,,,,,,
2.5183188915252686,8249,66.40625,42,39.0625,1.4487354755401611,,,,,,,,,
2.379558563232422,8299,69.921875,42,40.4296875,1.4874558448791504,,,,,,,,,
2.429104804992676,8349,68.1640625,42,40.625,1.6013158559799194,,,,,,,,,
,8384,,42,,,39.16999816894531,65.27999877929688,43.13999938964844,73.93999481201172,2.1810197830200195,,,,
,8384,,42,,,,,,,,39.112579345703125,2.399263858795166,69.00440979003906,1.4729617834091187
2.232557773590088,8399,71.484375,43,39.453125,1.4546186923980713,,,,,,,,,
2.3573923110961914,8449,71.484375,43,40.4296875,1.4806705713272095,,,,,,,,,
2.317659378051758,8499,72.65625,43,39.0625,1.2581214904785156,,,,,,,,,
2.251521587371826,8549,73.828125,43,42.96875,1.4718650579452515,,,,,,,,,
,8579,,43,,,39.959999084472656,65.52999877929688,43.12999725341797,74.2699966430664,2.1721668243408203,,,,
,8579,,43,,,,,,,,39.53826141357422,2.3818042278289795,69.29086303710938,1.459047794342041
2.3886706829071045,8599,69.140625,44,39.84375,1.4542514085769653,,,,,,,,,
2.3050079345703125,8649,69.7265625,44,41.015625,1.3240996599197388,,,,,,,,,
2.327301502227783,8699,72.0703125,44,40.625,1.4451653957366943,,,,,,,,,
2.3154637813568115,8749,69.921875,44,43.75,1.3250665664672852,,,,,,,,,
,8774,,44,,,38.18000030517578,64.16000366210938,42.05999755859375,74.29999542236328,2.1893362998962402,,,,
,8774,,44,,,,,,,,39.59334945678711,2.3798699378967285,69.45913696289062,1.4436755180358887
2.1915950775146484,8799,71.484375,45,42.1875,1.3859727382659912,,,,,,,,,
2.451692581176758,8849,69.53125,45,36.9140625,1.6165674924850464,,,,,,,,,
2.442915678024292,8899,66.9921875,45,35.9375,1.4923632144927979,,,,,,,,,
2.3863987922668457,8949,67.96875,45,37.890625,1.5352154970169067,,,,,,,,,
,8969,,45,,,39.75,65.4800033569336,44.349998474121094,75.15999603271484,2.1164779663085938,,,,
,8969,,45,,,,,,,,39.75661087036133,2.373690366744995,69.60035705566406,1.4425678253173828
2.344101905822754,8999,69.3359375,46,39.6484375,1.6718045473098755,,,,,,,,,
2.298954486846924,9049,70.703125,46,39.2578125,1.3288743495941162,,,,,,,,,
2.340618133544922,9099,73.046875,46,38.4765625,1.3299522399902344,,,,,,,,,
2.1915886402130127,9149,71.875,46,43.9453125,1.4558502435684204,,,,,,,,,
,9164,,46,,,41.369998931884766,66.87999725341797,45.2599983215332,76.5999984741211,2.0387556552886963,,,,
,9164,,46,,,,,,,,39.87379837036133,2.35965633392334,69.72355651855469,1.43150794506073
2.3358705043792725,9199,70.3125,47,42.3828125,1.5000076293945312,,,,,,,,,
2.265552520751953,9249,70.703125,47,43.9453125,1.2781378030776978,,,,,,,,,
2.303658962249756,9299,71.484375,47,42.1875,1.4376164674758911,,,,,,,,,
2.1268043518066406,9349,75.78125,47,44.53125,1.3056917190551758,,,,,,,,,
,9359,,47,,,40.29999923706055,65.95999908447266,44.0,74.13999938964844,2.1397945880889893,,,,
,9359,,47,,,,,,,,40.138221740722656,2.345883846282959,70.0350570678711,1.4260969161987305
2.285370111465454,9399,69.140625,48,42.578125,1.3330528736114502,,,,,,,,,
2.0893590450286865,9449,74.4140625,48,44.140625,1.3777104616165161,,,,,,,,,
2.3385772705078125,9499,69.53125,48,38.8671875,1.5195900201797485,,,,,,,,,
2.391190528869629,9549,69.3359375,48,37.5,1.3450087308883667,,,,,,,,,
,9554,,48,,,40.189998626708984,66.33999633789062,44.53999710083008,75.56999969482422,2.1070988178253174,,,,
,9554,,48,,,,,,,,40.39863967895508,2.3316268920898438,70.36558532714844,1.4253586530685425
2.350677490234375,9599,68.9453125,49,40.8203125,1.3608019351959229,,,,,,,,,
2.2885916233062744,9649,73.046875,49,38.4765625,1.565786600112915,,,,,,,,,
2.1433730125427246,9699,74.4140625,49,42.7734375,1.2660412788391113,,,,,,,,,
2.296157121658325,9749,70.703125,49,41.2109375,1.5500426292419434,,,,,,,,,
,9749,,49,,,40.16999816894531,66.47000122070312,44.79999923706055,76.37999725341797,2.070528745651245,,,,
,9749,,49,,,,,,,,40.51782989501953,2.3293309211730957,70.3946304321289,1.408348560333252
2.504782199859619,9799,67.3828125,50,37.6953125,1.3750520944595337,,,,,,,,,
2.269321918487549,9849,72.4609375,50,41.6015625,1.2870571613311768,,,,,,,,,
2.4256844520568848,9899,69.53125,50,41.6015625,1.3504444360733032,,,,,,,,,
,9944,,50,,,41.13999938964844,67.12000274658203,45.849998474121094,76.6500015258789,2.0293967723846436,,,,
,9944,,50,,,,,,,,41.042667388916016,2.3034489154815674,70.8994369506836,1.3974872827529907
2.3182363510131836,9949,70.703125,51,42.7734375,1.5422725677490234,,,,,,,,,
2.1061203479766846,9999,73.828125,51,44.3359375,1.3089985847473145,,,,,,,,,
2.4177463054656982,10049,67.578125,51,38.4765625,1.3845863342285156,,,,,,,,,
2.1837620735168457,10099,71.875,51,43.9453125,1.3842277526855469,,,,,,,,,
,10139,,51,,,42.4900016784668,67.70999908447266,45.81999969482422,77.25,2.006978988647461,,,,
,10139,,51,,,,,,,,41.25701141357422,2.292948007583618,71.1668701171875,1.4004662036895752
2.2344112396240234,10149,70.8984375,52,44.7265625,1.3688607215881348,,,,,,,,,
2.2662148475646973,10199,70.5078125,52,38.671875,1.345613718032837,,,,,,,,,
2.2563724517822266,10249,70.8984375,52,43.359375,1.4839067459106445,,,,,,,,,
2.2952113151550293,10299,72.8515625,52,41.6015625,1.352541446685791,,,,,,,,,
,10334,,52,,,40.880001068115234,66.87000274658203,45.89999771118164,76.40999603271484,2.049837350845337,,,,
,10334,,52,,,,,,,,41.5815315246582,2.2830655574798584,71.30408477783203,1.3873170614242554
2.1294138431549072,10349,74.21875,53,42.96875,1.2603894472122192,,,,,,,,,
2.1782290935516357,10399,73.046875,53,42.1875,1.3002450466156006,,,,,,,,,
2.402940273284912,10449,70.703125,53,42.7734375,1.4467979669570923,,,,,,,,,
2.2926788330078125,10499,72.265625,53,39.0625,1.203070878982544,,,,,,,,,
,10529,,53,,,40.779998779296875,66.73999786376953,44.98999786376953,76.45999908447266,2.092648983001709,,,,
,10529,,53,,,,,,,,41.82091522216797,2.274794101715088,71.47836303710938,1.3697563409805298
2.370584487915039,10549,70.8984375,54,40.8203125,1.5247305631637573,,,,,,,,,
2.131162405014038,10599,76.5625,54,41.9921875,1.4153826236724854,,,,,,,,,
2.2278265953063965,10649,72.4609375,54,42.578125,1.5718997716903687,,,,,,,,,
2.1452839374542236,10699,75.78125,54,45.5078125,1.248046636581421,,,,,,,,,
,10724,,54,,,41.2599983215332,67.66999816894531,46.0099983215332,76.79000091552734,2.0664186477661133,,,,
,10724,,54,,,,,,,,41.55548858642578,2.2768592834472656,71.49739837646484,1.3697543144226074
2.2313365936279297,10749,72.0703125,55,38.0859375,1.1628470420837402,,,,,,,,,
2.2637717723846436,10799,73.828125,55,40.625,1.3528274297714233,,,,,,,,,
2.213495969772339,10849,72.265625,55,41.40625,1.3592214584350586,,,,,,,,,
2.278048515319824,10899,71.2890625,55,40.4296875,1.3357665538787842,,,,,,,,,
,10919,,55,,,42.2400016784668,68.13999938964844,46.81999969482422,77.29999542236328,1.9921551942825317,,,,
,10919,,55,,,,,,,,41.77283477783203,2.2602996826171875,71.8740005493164,1.3628348112106323
2.189939498901367,10949,74.4140625,56,41.796875,1.1549859046936035,,,,,,,,,
2.1347053050994873,10999,72.65625,56,44.3359375,1.3513773679733276,,,,,,,,,
2.247364044189453,11049,70.703125,56,41.9921875,1.350795865058899,,,,,,,,,
2.15775728225708,11099,73.046875,56,44.53125,1.2696205377578735,,,,,,,,,
,11114,,56,,,41.869998931884766,67.55999755859375,45.94999694824219,76.19999694824219,2.050398111343384,,,,
,11114,,56,,,,,,,,42.300682067871094,2.245744466781616,72.01422119140625,1.3615282773971558
2.2499754428863525,11149,70.8984375,57,43.1640625,1.3121082782745361,,,,,,,,,
2.0670480728149414,11199,75.0,57,46.09375,1.4862124919891357,,,,,,,,,
2.149838924407959,11249,76.171875,57,44.7265625,1.4297280311584473,,,,,,,,,
2.3169660568237305,11299,69.7265625,57,39.0625,1.463504672050476,,,,,,,,,
,11309,,57,,,39.869998931884766,66.16999816894531,43.97999954223633,75.11000061035156,2.121110200881958,,,,
,11309,,57,,,,,,,,42.261619567871094,2.2502362728118896,71.9581298828125,1.3575128316879272
2.1849124431610107,11349,71.2890625,58,43.75,1.1510002613067627,,,,,,,,,
2.358513355255127,11399,69.53125,58,40.234375,1.502547025680542,,,,,,,,,
2.073589324951172,11449,74.609375,58,45.1171875,1.363687515258789,,,,,,,,,
2.24457049369812,11499,71.2890625,58,41.796875,1.3169825077056885,,,,,,,,,
,11504,,58,,,41.619998931884766,67.48999786376953,46.5099983215332,77.68999481201172,1.9815860986709595,,,,
,11504,,58,,,,,,,,42.34675598144531,2.2455244064331055,71.93109130859375,1.354367733001709
2.22843861579895,11549,72.0703125,59,43.75,1.1573697328567505,,,,,,,,,
2.1360950469970703,11599,75.5859375,59,43.359375,1.2505850791931152,,,,,,,,,
2.2868094444274902,11649,73.4375,59,41.6015625,1.4557732343673706,,,,,,,,,
2.2747724056243896,11699,70.703125,59,43.9453125,1.3165993690490723,,,,,,,,,
,11699,,59,,,42.060001373291016,67.62999725341797,47.93000030517578,77.79999542236328,1.9527567625045776,,,,
,11699,,59,,,,,,,,42.668270111083984,2.2284679412841797,72.33273315429688,1.3475401401519775
1.9851436614990234,11749,76.171875,60,47.4609375,1.2753636837005615,,,,,,,,,
2.3585917949676514,11799,69.140625,60,39.453125,1.3861674070358276,,,,,,,,,
2.220979928970337,11849,71.09375,60,41.40625,1.4050524234771729,,,,,,,,,
,11894,,60,,,41.2400016784668,67.30999755859375,46.709999084472656,78.11000061035156,1.9611022472381592,,,,
,11894,,60,,,,,,,,42.94671630859375,2.2149970531463623,72.5430679321289,1.3391914367675781
2.078047275543213,11899,74.8046875,61,46.09375,1.35446035861969,,,,,,,,,
2.151522636413574,11949,71.6796875,61,44.921875,1.4444427490234375,,,,,,,,,
2.2839903831481934,11999,72.0703125,61,40.234375,1.3769820928573608,,,,,,,,,
2.2405354976654053,12049,70.5078125,61,40.0390625,1.2006783485412598,,,,,,,,,
,12089,,61,,,42.790000915527344,69.05999755859375,48.0,77.97000122070312,1.9547059535980225,,,,
,12089,,61,,,,,,,,42.94470977783203,2.215275764465332,72.62319946289062,1.3327666521072388
2.1194655895233154,12099,71.875,62,48.4375,1.1492621898651123,,,,,,,,,
2.2056398391723633,12149,73.4375,62,41.6015625,1.4080371856689453,,,,,,,,,
2.2956528663635254,12199,68.9453125,62,44.53125,1.3171693086624146,,,,,,,,,
2.2523350715637207,12249,71.875,62,41.6015625,1.2211434841156006,,,,,,,,,
,12284,,62,,,43.16999816894531,68.75,48.88999938964844,78.37999725341797,1.929216742515564,,,,
,12284,,62,,,,,,,,43.14904022216797,2.2080471515655518,72.6953125,1.3238966464996338
2.1765060424804688,12299,73.828125,63,43.9453125,1.2774590253829956,,,,,,,,,
2.1157188415527344,12349,74.21875,63,43.5546875,1.3133974075317383,,,,,,,,,
2.2251737117767334,12399,72.65625,63,41.2109375,1.1500293016433716,,,,,,,,,
2.209136486053467,12449,73.828125,63,41.2109375,1.409660816192627,,,,,,,,,
,12479,,63,,,42.06999969482422,67.4800033569336,47.349998474121094,77.65999603271484,1.9577772617340088,,,,
,12479,,63,,,,,,,,43.604766845703125,2.1872470378875732,73.25220489501953,1.306386113166809
1.9631801843643188,12499,78.125,64,45.1171875,1.1652636528015137,,,,,,,,,
2.1378610134124756,12549,74.0234375,64,44.53125,1.2103122472763062,,,,,,,,,
2.132629871368408,12599,73.046875,64,44.53125,1.3352270126342773,,,,,,,,,
2.2125587463378906,12649,73.828125,64,43.75,1.2424927949905396,,,,,,,,,
,12674,,64,,,42.619998931884766,68.37000274658203,47.27000045776367,78.0,1.9593724012374878,,,,
,12674,,64,,,,,,,,43.59475326538086,2.190690517425537,73.07091522216797,1.3076666593551636
2.0691261291503906,12699,75.78125,65,44.7265625,1.2575972080230713,,,,,,,,,
2.1469340324401855,12749,74.609375,65,46.875,1.3095064163208008,,,,,,,,,
2.297792434692383,12799,70.8984375,65,42.7734375,1.3185844421386719,,,,,,,,,
2.133957624435425,12849,74.8046875,65,44.53125,1.2146282196044922,,,,,,,,,
,12869,,65,,,42.27000045776367,67.88999938964844,48.619998931884766,78.7699966430664,1.9209465980529785,,,,
,12869,,65,,,,,,,,43.74799728393555,2.1771299839019775,73.3984375,1.293869137763977
2.1941356658935547,12899,73.6328125,66,44.140625,1.19949209690094,,,,,,,,,
2.021365165710449,12949,77.1484375,66,49.609375,1.2353405952453613,,,,,,,,,
2.117873191833496,12999,75.0,66,46.6796875,1.2901933193206787,,,,,,,,,
1.9786086082458496,13049,77.9296875,66,48.4375,1.143801212310791,,,,,,,,,
,13064,,66,,,41.869998931884766,67.83000183105469,48.25,78.30999755859375,1.9330226182937622,,,,
,13064,,66,,,,,,,,43.97536087036133,2.1672890186309814,73.5987548828125,1.280819296836853
1.9509615898132324,13099,76.5625,67,49.0234375,1.2823617458343506,,,,,,,,,
2.211306095123291,13149,71.09375,67,42.3828125,1.2796764373779297,,,,,,,,,
2.2956013679504395,13199,69.7265625,67,41.796875,1.2793675661087036,,,,,,,,,
2.239920139312744,13249,70.5078125,67,42.7734375,1.326311707496643,,,,,,,,,
,13259,,67,,,41.40999984741211,66.86000061035156,47.54999923706055,78.0,1.958229660987854,,,,
,13259,,67,,,,,,,,43.933292388916016,2.1727373600006104,73.46955108642578,1.2974015474319458
2.0469303131103516,13299,74.4140625,68,47.65625,1.2473714351654053,,,,,,,,,
2.2100539207458496,13349,70.703125,68,46.6796875,1.227838397026062,,,,,,,,,
2.262805938720703,13399,72.65625,68,42.578125,1.2888051271438599,,,,,,,,,
2.3862106800079346,13449,72.4609375,68,39.453125,1.3574004173278809,,,,,,,,,
,13454,,68,,,41.77000045776367,67.16999816894531,48.459999084472656,78.75,1.9080196619033813,,,,
,13454,,68,,,,,,,,43.96734619140625,2.1690866947174072,73.42848205566406,1.286433219909668
2.2166714668273926,13499,71.875,69,46.2890625,1.222583532333374,,,,,,,,,
2.1162333488464355,13549,74.609375,69,46.6796875,1.2314348220825195,,,,,,,,,
2.127903461456299,13599,73.046875,69,46.6796875,1.2806682586669922,,,,,,,,,
2.445389747619629,13649,67.578125,69,39.2578125,1.5052683353424072,,,,,,,,,
,13649,,69,,,42.689998626708984,68.83000183105469,48.90999984741211,78.80999755859375,1.9152872562408447,,,,
,13649,,69,,,,,,,,44.425079345703125,2.158461570739746,73.58373260498047,1.299737811088562
2.197925329208374,13699,71.6796875,70,42.96875,1.2456307411193848,,,,,,,,,
2.0546305179595947,13749,76.5625,70,45.703125,1.2543320655822754,,,,,,,,,
2.0140199661254883,13799,75.1953125,70,47.0703125,1.296682357788086,,,,,,,,,
,13844,,70,,,42.93000030517578,68.4000015258789,48.91999816894531,78.80999755859375,1.901869535446167,,,,
,13844,,70,,,,,,,,44.4340934753418,2.1507036685943604,73.89823913574219,1.281126856803894
2.1012094020843506,13849,73.046875,71,44.53125,1.278558373451233,,,,,,,,,
2.0872859954833984,13899,76.171875,71,45.8984375,1.0593321323394775,,,,,,,,,
2.1314315795898438,13949,73.046875,71,44.921875,1.2649004459381104,,,,,,,,,
2.1205663681030273,13999,73.2421875,71,43.9453125,1.2942838668823242,,,,,,,,,
,14039,,71,,,42.400001525878906,68.73999786376953,48.619998931884766,78.65999603271484,1.9125151634216309,,,,
,14039,,71,,,,,,,,44.43810272216797,2.1431751251220703,73.97535705566406,1.2774622440338135
2.09724760055542,14049,74.609375,72,46.484375,1.1413631439208984,,,,,,,,,
2.143280506134033,14099,75.5859375,72,43.5546875,1.1447203159332275,,,,,,,,,
2.122119426727295,14149,75.5859375,72,43.9453125,1.1643986701965332,,,,,,,,,
2.2873268127441406,14199,71.09375,72,42.3828125,1.3109220266342163,,,,,,,,,
,14234,,72,,,41.900001525878906,67.79000091552734,47.39999771118164,78.06999969482422,1.9613313674926758,,,,
,14234,,72,,,,,,,,44.77263641357422,2.1318180561065674,74.3008804321289,1.2664841413497925
1.9967451095581055,14249,76.953125,73,47.8515625,1.14825439453125,,,,,,,,,
2.1196017265319824,14299,73.2421875,73,44.3359375,1.3670787811279297,,,,,,,,,
2.073824882507324,14349,75.78125,73,45.1171875,1.2824249267578125,,,,,,,,,
2.0654544830322266,14399,76.3671875,73,45.3125,1.320373296737671,,,,,,,,,
,14429,,73,,,41.939998626708984,67.23999786376953,47.04999923706055,77.43000030517578,1.9832265377044678,,,,
,14429,,73,,,,,,,,44.8046875,2.1289989948272705,74.2197494506836,1.2565041780471802
2.049736976623535,14449,74.8046875,74,47.8515625,1.2313687801361084,,,,,,,,,
2.1505627632141113,14499,73.6328125,74,44.53125,1.2937623262405396,,,,,,,,,
2.1240463256835938,14549,75.0,74,42.3828125,1.3024922609329224,,,,,,,,,
2.2599639892578125,14599,73.4375,74,42.1875,1.3375635147094727,,,,,,,,,
,14624,,74,,,43.83000183105469,69.62000274658203,50.119998931884766,79.88999938964844,1.8437997102737427,,,,
,14624,,74,,,,,,,,44.89082717895508,2.1202850341796875,74.38501739501953,1.2528555393218994
2.074979782104492,14649,75.1953125,75,45.8984375,1.1614643335342407,,,,,,,,,
2.169159173965454,14699,73.4375,75,45.5078125,1.2904596328735352,,,,,,,,,
2.1569912433624268,14749,75.0,75,43.9453125,1.2769384384155273,,,,,,,,,
1.9801775217056274,14799,76.3671875,75,49.609375,1.1125943660736084,,,,,,,,,
,14819,,75,,,43.25,68.05999755859375,50.71999740600586,80.15999603271484,1.823705792427063,,,,
,14819,,75,,,,,,,,45.1762809753418,2.1108951568603516,74.6143798828125,1.2484575510025024
2.034766435623169,14849,77.734375,76,47.0703125,1.3563894033432007,,,,,,,,,
2.018829822540283,14899,75.0,76,47.0703125,1.1503688097000122,,,,,,,,,
2.173621416091919,14949,71.2890625,76,42.96875,1.2632821798324585,,,,,,,,,
2.182283878326416,14999,73.6328125,76,47.0703125,1.2557909488677979,,,,,,,,,
,15014,,76,,,43.47999954223633,68.77999877929688,50.47999954223633,79.80999755859375,1.844517707824707,,,,
,15014,,76,,,,,,,,45.27444076538086,2.1105005741119385,74.66746520996094,1.2525001764297485
1.9073798656463623,15049,77.734375,77,50.78125,1.1733880043029785,,,,,,,,,
1.9156627655029297,15099,79.1015625,77,50.390625,1.2205506563186646,,,,,,,,,
2.111264228820801,15149,74.0234375,77,47.0703125,1.2537040710449219,,,,,,,,,
2.2007598876953125,15199,71.875,77,43.5546875,1.349084734916687,,,,,,,,,
,15209,,77,,,42.650001525878906,68.4800033569336,50.0099983215332,79.9000015258789,1.8446727991104126,,,,
,15209,,77,,,,,,,,45.70212173461914,2.091038227081299,74.96694946289062,1.2464070320129395
2.085658311843872,15249,76.7578125,78,44.921875,1.293013095855713,,,,,,,,,
2.1192691326141357,15299,73.2421875,78,43.75,1.175040364265442,,,,,,,,,
2.035071611404419,15349,75.78125,78,48.6328125,1.3208858966827393,,,,,,,,,
2.0422866344451904,15399,73.828125,78,43.359375,1.2591118812561035,,,,,,,,,
,15404,,78,,,42.709999084472656,68.13999938964844,48.599998474121094,78.27999877929688,1.9267319440841675,,,,
,15404,,78,,,,,,,,45.59996032714844,2.0901083946228027,75.03004455566406,1.2325100898742676
2.1142659187316895,15449,73.4375,79,45.703125,1.2221076488494873,,,,,,,,,
2.2316741943359375,15499,71.6796875,79,45.5078125,1.2820152044296265,,,,,,,,,
2.059361696243286,15549,75.9765625,79,46.484375,1.317817211151123,,,,,,,,,
2.0404014587402344,15599,77.34375,79,45.1171875,1.2778825759887695,,,,,,,,,
,15599,,79,,,43.27000045776367,68.2300033569336,49.53999710083008,79.40999603271484,1.8655599355697632,,,,
,15599,,79,,,,,,,,45.698116302490234,2.09375,74.93589782714844,1.2430751323699951
2.2098660469055176,15649,74.4140625,80,42.7734375,1.1355254650115967,,,,,,,,,
2.139089584350586,15699,73.6328125,80,43.9453125,1.204921007156372,,,,,,,,,
2.117770195007324,15749,75.0,80,42.7734375,1.2825520038604736,,,,,,,,,
,15794,,80,,,44.130001068115234,69.33000183105469,51.23999786376953,80.48999786376953,1.8005036115646362,,,,
,15794,,80,,,,,,,,45.67407989501953,2.0886058807373047,75.10416412353516,1.228814959526062
2.105262517929077,15799,75.9765625,81,45.3125,1.2852861881256104,,,,,,,,,
2.174123764038086,15849,76.171875,81,43.1640625,1.2123854160308838,,,,,,,,,
2.039048671722412,15899,73.6328125,81,45.8984375,1.1049714088439941,,,,,,,,,
2.2969298362731934,15949,69.53125,81,41.015625,1.12614905834198,,,,,,,,,
,15989,,81,,,42.72999954223633,68.19000244140625,48.52000045776367,78.5999984741211,1.903942584991455,,,,
,15989,,81,,,,,,,,46.221954345703125,2.077864646911621,75.14423370361328,1.2253721952438354
2.2073025703430176,15999,71.875,82,41.40625,1.3721749782562256,,,,,,,,,
1.9188232421875,16049,77.34375,82,47.8515625,1.1168599128723145,,,,,,,,,
2.1162121295928955,16099,72.8515625,82,47.0703125,1.1941802501678467,,,,,,,,,
2.2369368076324463,16149,73.046875,82,43.359375,1.1918678283691406,,,,,,,,,
,16184,,82,,,42.650001525878906,68.27999877929688,50.119998931884766,79.77999877929688,1.8556880950927734,,,,
,16184,,82,,,,,,,,45.85336685180664,2.0799460411071777,75.13321685791016,1.2174071073532104
1.899181604385376,16199,79.296875,83,49.0234375,1.2836668491363525,,,,,,,,,
2.048361301422119,16249,74.609375,83,45.8984375,1.264703631401062,,,,,,,,,
1.982254981994629,16299,77.5390625,83,49.8046875,1.0741610527038574,,,,,,,,,
2.018104076385498,16349,78.3203125,83,45.1171875,0.9972406625747681,,,,,,,,,
,16379,,83,,,45.11000061035156,70.37999725341797,50.87999725341797,80.8699951171875,1.7946466207504272,,,,
,16379,,83,,,,,,,,46.215946197509766,2.062744617462158,75.56089782714844,1.2076703310012817
2.0773842334747314,16399,74.21875,84,45.1171875,1.0821374654769897,,,,,,,,,
2.1998941898345947,16449,71.2890625,84,44.921875,1.1850037574768066,,,,,,,,,
1.975649118423462,16499,76.953125,84,48.046875,1.1235878467559814,,,,,,,,,
2.0930514335632324,16549,75.0,84,47.265625,1.2043440341949463,,,,,,,,,
,16574,,84,,,44.470001220703125,70.08999633789062,50.59000015258789,80.47999572753906,1.8330146074295044,,,,
,16574,,84,,,,,,,,46.37319564819336,2.0666425228118896,75.44972229003906,1.2228199243545532
1.9865078926086426,16599,76.953125,85,48.4375,1.1754422187805176,,,,,,,,,
2.1183080673217773,16649,75.5859375,85,43.1640625,1.11354398727417,,,,,,,,,
2.2317795753479004,16699,72.8515625,85,44.140625,1.3313713073730469,,,,,,,,,
2.118633270263672,16749,75.5859375,85,46.09375,1.251955509185791,,,,,,,,,
,16769,,85,,,44.900001525878906,70.36000061035156,50.119998931884766,79.8699951171875,1.8473812341690063,,,,
,16769,,85,,,,,,,,46.1909065246582,2.069201707839966,75.48577880859375,1.2170096635818481
2.1159658432006836,16799,75.390625,86,45.703125,1.1141481399536133,,,,,,,,,
2.1129086017608643,16849,75.5859375,86,46.484375,1.0971784591674805,,,,,,,,,
1.957524061203003,16899,77.9296875,86,48.046875,1.156053066253662,,,,,,,,,
2.018906831741333,16949,75.5859375,86,48.046875,1.182724118232727,,,,,,,,,
,16964,,86,,,45.93000030517578,70.83999633789062,51.87999725341797,81.25,1.762496829032898,,,,
,16964,,86,,,,,,,,46.4653434753418,2.0612621307373047,75.49779510498047,1.201413631439209
2.0021040439605713,16999,79.1015625,87,46.6796875,1.3231313228607178,,,,,,,,,
1.7918726205825806,17049,81.8359375,87,53.125,1.0762193202972412,,,,,,,,,
1.9408448934555054,17099,76.5625,87,52.5390625,1.2489523887634277,,,,,,,,,
2.185724973678589,17149,73.2421875,87,45.3125,1.2707386016845703,,,,,,,,,
,17159,,87,,,44.380001068115234,70.04000091552734,50.86000061035156,80.02999877929688,1.82219660282135,,,,
,17159,,87,,,,,,,,46.77083206176758,2.044555425643921,75.63902282714844,1.2020537853240967
1.9504896402359009,17199,76.5625,88,47.265625,0.9926294684410095,,,,,,,,,
2.213451862335205,17249,74.0234375,88,41.015625,1.1306068897247314,,,,,,,,,
1.8480377197265625,17299,75.78125,88,51.3671875,1.2925913333892822,,,,,,,,,
1.9162678718566895,17349,76.7578125,88,48.6328125,1.1848642826080322,,,,,,,,,
,17354,,88,,,45.22999954223633,70.52999877929688,51.78999710083008,81.79999542236328,1.762465000152588,,,,
,17354,,88,,,,,,,,46.86698532104492,2.0377159118652344,76.0116195678711,1.1776872873306274
2.13311767578125,17399,72.265625,89,45.3125,1.3523412942886353,,,,,,,,,
2.0820040702819824,17449,74.4140625,89,43.75,1.4093952178955078,,,,,,,,,
2.0506255626678467,17499,76.171875,89,47.265625,1.2796142101287842,,,,,,,,,
1.9186335802078247,17549,79.8828125,89,50.0,1.063868522644043,,,,,,,,,
,17549,,89,,,44.099998474121094,69.23999786376953,50.36000061035156,79.83999633789062,1.8476935625076294,,,,
,17549,,89,,,,,,,,46.92307662963867,2.0415618419647217,75.91947174072266,1.1935776472091675
2.1185758113861084,17599,73.6328125,90,45.1171875,1.2875092029571533,,,,,,,,,
2.064906120300293,17649,76.171875,90,42.96875,1.0441888570785522,,,,,,,,,
1.9703902006149292,17699,75.390625,90,48.828125,1.194966435432434,,,,,,,,,
,17744,,90,,,42.880001068115234,68.20999908447266,49.98999786376953,79.73999786376953,1.8694888353347778,,,,
,17744,,90,,,,,,,,46.94411087036133,2.030426263809204,76.0546875,1.1888271570205688
1.9537954330444336,17749,76.953125,91,52.1484375,1.1566429138183594,,,,,,,,,
2.266517162322998,17799,71.484375,91,43.75,1.268866777420044,,,,,,,,,
1.9764981269836426,17849,79.296875,91,44.53125,1.1243962049484253,,,,,,,,,
2.054438591003418,17899,74.4140625,91,48.046875,1.113041877746582,,,,,,,,,
,17939,,91,,,43.40999984741211,69.52999877929688,51.28999710083008,81.05999755859375,1.8040173053741455,,,,
,17939,,91,,,,,,,,47.09334945678711,2.0302553176879883,76.24098205566406,1.1715724468231201
1.9352390766143799,17949,76.171875,92,52.9296875,1.0933794975280762,,,,,,,,,
1.998220682144165,17999,75.78125,92,45.1171875,1.0624858140945435,,,,,,,,,
2.204340934753418,18049,72.8515625,92,40.4296875,1.1817684173583984,,,,,,,,,
1.8842591047286987,18099,78.7109375,92,51.7578125,1.0960520505905151,,,,,,,,,
,18134,,92,,,43.20000076293945,68.51000213623047,50.62999725341797,80.3699951171875,1.817222237586975,,,,
,18134,,92,,,,,,,,47.07331848144531,2.0295627117156982,76.20092010498047,1.1770751476287842
1.8391987085342407,18149,78.90625,93,50.390625,1.0793460607528687,,,,,,,,,
1.856665015220642,18199,79.4921875,93,50.0,1.2000017166137695,,,,,,,,,
2.101079225540161,18249,72.4609375,93,44.7265625,1.2240266799926758,,,,,,,,,
2.105252504348755,18299,73.6328125,93,46.09375,1.2156615257263184,,,,,,,,,
,18329,,93,,,45.189998626708984,70.5,51.53999710083008,81.32999420166016,1.7766765356063843,,,,
,18329,,93,,,,,,,,46.99519348144531,2.024015426635742,76.4803695678711,1.1882027387619019
1.967127799987793,18349,75.78125,94,48.828125,1.2405954599380493,,,,,,,,,
2.132920265197754,18399,72.0703125,94,44.53125,1.1447293758392334,,,,,,,,,
2.0390169620513916,18449,75.390625,94,47.8515625,1.271585464477539,,,,,,,,,
2.0212960243225098,18499,74.609375,94,47.4609375,1.1119006872177124,,,,,,,,,
,18524,,94,,,42.119998931884766,67.63999938964844,49.2599983215332,78.86000061035156,1.897182822227478,,,,
,18524,,94,,,,,,,,47.45192337036133,2.0159976482391357,76.37620544433594,1.1719672679901123
2.0555434226989746,18549,77.34375,95,46.875,1.0885121822357178,,,,,,,,,
2.0568034648895264,18599,76.5625,95,46.875,1.158184289932251,,,,,,,,,
2.171912670135498,18649,74.4140625,95,42.96875,1.2266300916671753,,,,,,,,,
1.9119904041290283,18699,78.515625,95,50.390625,0.9447234272956848,,,,,,,,,
,18719,,95,,,44.52000045776367,69.37999725341797,50.81999969482422,80.54000091552734,1.8062992095947266,,,,
,18719,,95,,,,,,,,47.613182067871094,2.0100367069244385,76.40424346923828,1.156017780303955
1.9941684007644653,18749,75.5859375,96,46.6796875,1.2297897338867188,,,,,,,,,
1.8924800157546997,18799,77.5390625,96,50.390625,1.0900437831878662,,,,,,,,,
2.2628440856933594,18849,70.5078125,96,42.96875,1.2635740041732788,,,,,,,,,
1.9860215187072754,18899,77.5390625,96,50.1953125,1.1900634765625,,,,,,,,,
,18914,,96,,,44.029998779296875,68.38999938964844,50.96999740600586,80.4000015258789,1.8203890323638916,,,,
,18914,,96,,,,,,,,48.04086685180664,1.9975497722625732,76.76081848144531,1.1460955142974854
2.090928554534912,18949,74.8046875,97,46.2890625,1.127918004989624,,,,,,,,,
2.077228546142578,18999,75.1953125,97,46.875,1.0879435539245605,,,,,,,,,
2.0660181045532227,19049,74.4140625,97,47.0703125,1.054663896560669,,,,,,,,,
2.0805206298828125,19099,73.046875,97,45.703125,1.216720700263977,,,,,,,,,
,19109,,97,,,44.310001373291016,70.11000061035156,51.40999984741211,80.93000030517578,1.78506600856781,,,,
,19109,,97,,,,,,,,47.96975326538086,1.9949357509613037,76.89102935791016,1.1419471502304077
2.0632712841033936,19149,74.609375,98,44.921875,1.1596639156341553,,,,,,,,,
2.068976879119873,19199,74.0234375,98,42.578125,1.299776315689087,,,,,,,,,
2.012502670288086,19249,78.90625,98,49.0234375,1.0902891159057617,,,,,,,,,
2.083577871322632,19299,75.78125,98,46.875,1.0053772926330566,,,,,,,,,
,19304,,98,,,42.63999938964844,68.23999786376953,49.5099983215332,79.61000061035156,1.8836086988449097,,,,
,19304,,98,,,,,,,,47.86758804321289,1.996862769126892,76.82091522216797,1.1515851020812988
2.1511993408203125,19349,71.09375,99,44.53125,1.1898996829986572,,,,,,,,,
1.8159151077270508,19399,79.8828125,99,53.125,1.174659013748169,,,,,,,,,
1.904969334602356,19449,78.90625,99,50.78125,1.0805392265319824,,,,,,,,,
2.039952278137207,19499,78.125,99,47.8515625,1.2155044078826904,,,,,,,,,
,19499,,99,,,44.18000030517578,69.47000122070312,50.91999816894531,80.4000015258789,1.824756383895874,,,,
,19499,,99,,,,,,,,48.309295654296875,1.9804607629776,77.0272445678711,1.137729287147522
1.9568867683410645,19549,76.171875,100,50.0,1.11946439743042,,,,,,,,,
1.930345058441162,19599,80.078125,100,48.828125,1.0148563385009766,,,,,,,,,
1.9970396757125854,19649,75.0,100,49.0234375,1.1132484674453735,,,,,,,,,
,19694,,100,,,45.650001525878906,70.83000183105469,52.65999984741211,82.19999694824219,1.7373228073120117,,,,
,19694,,100,,,,,,,,48.27924728393555,1.9837408065795898,77.01021575927734,1.1462196111679077
1.9882298707962036,19699,79.1015625,101,47.65625,1.195158839225769,,,,,,,,,
2.001568078994751,19749,75.78125,101,48.046875,1.1387649774551392,,,,,,,,,
2.0851917266845703,19799,76.3671875,101,44.140625,1.1265578269958496,,,,,,,,,
1.8974628448486328,19849,79.6875,101,49.21875,1.274775743484497,,,,,,,,,
,19889,,101,,,46.400001525878906,71.97000122070312,52.46999740600586,82.25999450683594,1.743366003036499,,,,
,19889,,101,,,,,,,,48.4375,1.97012197971344,77.29467010498047,1.1323398351669312
1.839508056640625,19899,80.2734375,102,50.390625,1.2138659954071045,,,,,,,,,
2.071601390838623,19949,75.1953125,102,42.96875,1.0513972043991089,,,,,,,,,
1.9244141578674316,19999,77.1484375,102,49.21875,1.0254313945770264,,,,,,,,,
2.074038505554199,20049,72.4609375,102,48.828125,1.220874547958374,,,,,,,,,
,20084,,102,,,47.380001068115234,72.33999633789062,53.16999816894531,82.08999633789062,1.7204385995864868,,,,
,20084,,102,,,,,,,,48.52363967895508,1.9651442766189575,77.4268798828125,1.127458095550537
2.025611400604248,20099,72.8515625,103,48.046875,1.1670300960540771,,,,,,,,,
1.8660099506378174,20149,79.296875,103,50.9765625,1.049360752105713,,,,,,,,,
1.8764007091522217,20199,80.859375,103,47.65625,1.0752582550048828,,,,,,,,,
2.0869085788726807,20249,74.0234375,103,48.046875,1.1391469240188599,,,,,,,,,
,20279,,103,,,45.20000076293945,71.70999908447266,52.959999084472656,82.22000122070312,1.7364221811294556,,,,
,20279,,103,,,,,,,,48.8090934753418,1.9614604711532593,77.41586303710938,1.1119391918182373
2.044821262359619,20299,76.953125,104,46.2890625,1.066016674041748,,,,,,,,,
1.9585320949554443,20349,76.5625,104,47.8515625,1.1216366291046143,,,,,,,,,
1.9345238208770752,20399,78.7109375,104,47.0703125,0.9757888913154602,,,,,,,,,
2.025710344314575,20449,76.953125,104,48.2421875,1.1217280626296997,,,,,,,,,
,20474,,104,,,45.40999984741211,70.9800033569336,52.52000045776367,81.81999969482422,1.7466191053390503,,,,
,20474,,104,,,,,,,,48.62680435180664,1.9670885801315308,77.37179565429688,1.131052851676941
1.8557558059692383,20499,78.7109375,105,52.9296875,1.1052895784378052,,,,,,,,,
2.06089448928833,20549,75.5859375,105,47.0703125,1.0886791944503784,,,,,,,,,
1.9064507484436035,20599,77.34375,105,53.515625,1.0722875595092773,,,,,,,,,
2.0919687747955322,20649,77.9296875,105,47.8515625,1.1872658729553223,,,,,,,,,
,20669,,105,,,46.43000030517578,71.6500015258789,53.43000030517578,82.61000061035156,1.6882637739181519,,,,
,20669,,105,,,,,,,,48.75,1.955776572227478,77.52103424072266,1.1108225584030151
1.9665865898132324,20699,78.125,106,49.8046875,1.2838027477264404,,,,,,,,,
2.032907247543335,20749,75.9765625,106,45.5078125,1.0970866680145264,,,,,,,,,
1.8736624717712402,20799,78.7109375,106,50.9765625,1.1845221519470215,,,,,,,,,
1.924380898475647,20849,75.0,106,50.78125,1.1165727376937866,,,,,,,,,
,20864,,106,,,45.689998626708984,70.73999786376953,52.47999954223633,81.43000030517578,1.7499583959579468,,,,
,20864,,106,,,,,,,,49.058494567871094,1.95258367061615,77.48798370361328,1.125085711479187
1.9706850051879883,20899,78.3203125,107,48.4375,1.1478571891784668,,,,,,,,,
1.8646265268325806,20949,80.46875,107,50.5859375,1.0882136821746826,,,,,,,,,
1.8155428171157837,20999,79.8828125,107,53.125,1.0405356884002686,,,,,,,,,
2.0734996795654297,21049,76.7578125,107,47.0703125,1.1444194316864014,,,,,,,,,
,21059,,107,,,46.150001525878906,71.12000274658203,52.97999954223633,82.2699966430664,1.7191903591156006,,,,
,21059,,107,,,,,,,,49.080528259277344,1.9464261531829834,77.6121826171875,1.098329782485962
2.0991530418395996,21099,74.21875,108,47.65625,1.1222405433654785,,,,,,,,,
1.9546046257019043,21149,78.90625,108,46.875,1.2706542015075684,,,,,,,,,
1.963341474533081,21199,75.9765625,108,51.3671875,1.1089162826538086,,,,,,,,,
1.8985259532928467,21249,78.515625,108,53.90625,1.1408958435058594,,,,,,,,,
,21254,,108,,,45.95000076293945,71.22000122070312,53.57999801635742,82.0999984741211,1.7043614387512207,,,,
,21254,,108,,,,,,,,49.074520111083984,1.9438447952270508,77.71834564208984,1.1090246438980103
1.9790070056915283,21299,77.9296875,109,48.6328125,1.1231287717819214,,,,,,,,,
2.0573723316192627,21349,77.1484375,109,46.875,1.3158972263336182,,,,,,,,,
1.8299524784088135,21399,77.5390625,109,52.5390625,1.1537222862243652,,,,,,,,,
1.8545331954956055,21449,76.171875,109,50.390625,1.0767433643341064,,,,,,,,,
,21449,,109,,,45.459999084472656,70.5199966430664,52.63999938964844,82.05999755859375,1.7387794256210327,,,,
,21449,,109,,,,,,,,49.27283477783203,1.9343485832214355,77.88160705566406,1.0973552465438843
1.9658538103103638,21499,76.3671875,110,51.171875,1.1597157716751099,,,,,,,,,
1.8830962181091309,21549,80.078125,110,50.1953125,1.0352035760879517,,,,,,,,,
1.945991039276123,21599,78.3203125,110,48.2421875,1.1256026029586792,,,,,,,,,
,21644,,110,,,46.02000045776367,70.8499984741211,52.59000015258789,82.05999755859375,1.745032548904419,,,,
,21644,,110,,,,,,,,49.29587173461914,1.9332364797592163,78.06390380859375,1.092777132987976
1.9154462814331055,21649,78.90625,111,50.0,1.0515812635421753,,,,,,,,,
1.7664929628372192,21699,78.3203125,111,53.90625,1.117300033569336,,,,,,,,,
1.8603852987289429,21749,78.90625,111,52.9296875,1.1708543300628662,,,,,,,,,
2.0511415004730225,21799,77.5390625,111,46.484375,1.1122545003890991,,,,,,,,,
,21839,,111,,,47.16999816894531,72.33000183105469,54.12999725341797,83.04000091552734,1.6691733598709106,,,,
,21839,,111,,,,,,,,49.503204345703125,1.9219352006912231,77.97476196289062,1.088079571723938
1.7391668558120728,21849,83.0078125,112,54.6875,1.0045242309570312,,,,,,,,,
1.8488550186157227,21899,79.8828125,112,51.3671875,0.9846272468566895,,,,,,,,,
1.9013936519622803,21949,79.4921875,112,52.5390625,1.0759743452072144,,,,,,,,,
1.9544909000396729,21999,77.1484375,112,51.3671875,1.2071757316589355,,,,,,,,,
,22034,,112,,,46.310001373291016,71.7300033569336,52.73999786376953,82.22000122070312,1.7241957187652588,,,,
,22034,,112,,,,,,,,49.69551467895508,1.9165687561035156,78.22515869140625,1.0895252227783203
1.800980567932129,22049,79.296875,113,50.78125,1.0645945072174072,,,,,,,,,
2.015000104904175,22099,74.8046875,113,45.3125,1.2559301853179932,,,,,,,,,
1.9474587440490723,22149,78.515625,113,50.390625,1.0769343376159668,,,,,,,,,
1.9974863529205322,22199,75.78125,113,48.4375,1.0874271392822266,,,,,,,,,
,22229,,113,,,47.56999969482422,72.13999938964844,54.40999984741211,83.22999572753906,1.6563867330551147,,,,
,22229,,113,,,,,,,,49.72756576538086,1.915303111076355,78.18910217285156,1.0859955549240112
1.7806447744369507,22249,80.078125,114,52.9296875,1.0030193328857422,,,,,,,,,
1.870621681213379,22299,77.734375,114,51.7578125,0.9979716539382935,,,,,,,,,
1.8015923500061035,22349,78.90625,114,50.78125,1.0928122997283936,,,,,,,,,
2.063891887664795,22399,74.0234375,114,48.828125,1.1295650005340576,,,,,,,,,
,22424,,114,,,44.470001220703125,69.91000366210938,51.37999725341797,81.0,1.8010298013687134,,,,
,22424,,114,,,,,,,,49.847755432128906,1.912711262702942,78.2772445678711,1.077802062034607
1.8943588733673096,22449,76.3671875,115,51.3671875,1.1061227321624756,,,,,,,,,
1.908406138420105,22499,78.125,115,50.390625,1.0616304874420166,,,,,,,,,
1.817922592163086,22549,79.1015625,115,50.390625,0.9621564149856567,,,,,,,,,
1.865532398223877,22599,78.125,115,48.4375,0.9734051823616028,,,,,,,,,
,22619,,115,,,45.189998626708984,70.36000061035156,52.59000015258789,81.83999633789062,1.7302943468093872,,,,
,22619,,115,,,,,,,,50.15024185180664,1.9039965867996216,78.46554565429688,1.0907814502716064
1.802565336227417,22649,81.0546875,116,50.390625,1.0188376903533936,,,,,,,,,
1.7471795082092285,22699,80.078125,116,56.0546875,1.0645910501480103,,,,,,,,,
2.009775161743164,22749,75.78125,116,48.4375,1.2882407903671265,,,,,,,,,
1.9542843103408813,22799,77.9296875,116,50.1953125,1.1477227210998535,,,,,,,,,
,22814,,116,,,47.880001068115234,73.08000183105469,53.5099983215332,82.16999816894531,1.704455018043518,,,,
,22814,,116,,,,,,,,50.01502227783203,1.9001799821853638,78.62079620361328,1.063164234161377
1.9375009536743164,22849,78.125,117,50.0,1.1420128345489502,,,,,,,,,
1.975545883178711,22899,77.34375,117,47.0703125,1.1633905172348022,,,,,,,,,
1.687204360961914,22949,82.6171875,117,54.4921875,1.012026071548462,,,,,,,,,
1.7634694576263428,22999,79.6875,117,52.9296875,0.9446799159049988,,,,,,,,,
,23009,,117,,,45.880001068115234,70.4800033569336,52.869998931884766,82.05999755859375,1.7335480451583862,,,,
,23009,,117,,,,,,,,50.284454345703125,1.8972651958465576,78.43449401855469,1.0615683794021606
1.83002769947052,23049,80.6640625,118,51.5625,0.9696921706199646,,,,,,,,,
1.8352553844451904,23099,78.7109375,118,51.171875,1.174060583114624,,,,,,,,,
1.9026515483856201,23149,80.6640625,118,49.21875,1.144233226776123,,,,,,,,,
1.8848392963409424,23199,80.2734375,118,47.0703125,1.1276538372039795,,,,,,,,,
,23204,,118,,,45.150001525878906,70.41000366210938,51.30999755859375,81.61000061035156,1.759139060974121,,,,
,23204,,118,,,,,,,,50.5268440246582,1.8876667022705078,78.7449951171875,1.0501090288162231
1.8308684825897217,23249,81.25,119,53.125,1.0107102394104004,,,,,,,,,
1.9144022464752197,23299,79.1015625,119,48.828125,1.1252137422561646,,,,,,,,,
1.895532488822937,23349,76.7578125,119,47.4609375,1.0929633378982544,,,,,,,,,
1.8034603595733643,23399,79.296875,119,50.390625,1.1240687370300293,,,,,,,,,
,23399,,119,,,46.869998931884766,71.80000305175781,53.16999816894531,82.5199966430664,1.6968140602111816,,,,
,23399,,119,,,,,,,,50.29547119140625,1.8904523849487305,78.7550048828125,1.054610013961792
1.814092993736267,23449,80.6640625,120,49.609375,0.962275505065918,,,,,,,,,
1.8030126094818115,23499,79.1015625,120,49.609375,1.110457420349121,,,,,,,,,
2.029402732849121,23549,75.1953125,120,49.4140625,1.20098078250885,,,,,,,,,
,23594,,120,,,46.84000015258789,72.54000091552734,54.89999771118164,83.1500015258789,1.6529372930526733,,,,
,23594,,120,,,,,,,,50.71314239501953,1.8731698989868164,79.09254455566406,1.0440224409103394
2.0111019611358643,23599,76.171875,121,47.0703125,1.1848981380462646,,,,,,,,,
1.8541539907455444,23649,77.9296875,121,48.828125,1.054492473602295,,,,,,,,,
1.8583003282546997,23699,80.859375,121,51.5625,1.1470001935958862,,,,,,,,,
1.8803818225860596,23749,79.296875,121,48.4375,1.084078311920166,,,,,,,,,
,23789,,121,,,48.43000030517578,73.18000030517578,55.09000015258789,83.72000122070312,1.6269043684005737,,,,
,23789,,121,,,,,,,,50.78325271606445,1.874292016029358,78.93128967285156,1.0549103021621704
2.001988410949707,23799,76.7578125,122,48.2421875,1.1158795356750488,,,,,,,,,
1.7966997623443604,23849,80.859375,122,50.5859375,1.1460957527160645,,,,,,,,,
2.0925345420837402,23899,74.8046875,122,46.6796875,1.2377668619155884,,,,,,,,,
1.9787089824676514,23949,77.34375,122,46.6796875,1.124315619468689,,,,,,,,,
,23984,,122,,,48.22999954223633,73.43000030517578,55.279998779296875,83.83999633789062,1.6145330667495728,,,,
,23984,,122,,,,,,,,50.88842010498047,1.868320107460022,79.00240325927734,1.0399450063705444
1.7492164373397827,23999,79.296875,123,52.5390625,0.9201040267944336,,,,,,,,,
1.8558266162872314,24049,79.296875,123,51.5625,1.1553363800048828,,,,,,,,,
1.8978174924850464,24099,79.6875,123,52.1484375,1.0526952743530273,,,,,,,,,
1.9554095268249512,24149,76.7578125,123,48.2421875,1.0214568376541138,,,,,,,,,
,24179,,123,,,44.45000076293945,69.05000305175781,51.78999710083008,81.30999755859375,1.7519577741622925,,,,
,24179,,123,,,,,,,,51.114784240722656,1.8606246709823608,79.1806869506836,1.0416210889816284
1.8808187246322632,24199,81.8359375,124,48.4375,1.0308367013931274,,,,,,,,,
1.8389637470245361,24249,78.515625,124,52.9296875,0.8776361346244812,,,,,,,,,
1.9015049934387207,24299,77.9296875,124,49.8046875,0.995162844657898,,,,,,,,,
1.7846256494522095,24349,79.6875,124,52.5390625,0.9836195707321167,,,,,,,,,
,24374,,124,,,47.41999816894531,72.2699966430664,54.40999984741211,83.43999481201172,1.6508435010910034,,,,
,24374,,124,,,,,,,,50.738182067871094,1.8697103261947632,79.15665435791016,1.0393425226211548
1.7674341201782227,24399,81.25,125,54.6875,1.0687971115112305,,,,,,,,,
1.7347159385681152,24449,81.4453125,125,54.296875,1.0655088424682617,,,,,,,,,
1.8835444450378418,24499,78.90625,125,52.34375,0.9913574457168579,,,,,,,,,
1.6997871398925781,24549,82.421875,125,57.2265625,0.9319295883178711,,,,,,,,,
,24569,,125,,,47.86000061035156,72.72000122070312,55.14999771118164,83.38999938964844,1.6278183460235596,,,,
,24569,,125,,,,,,,,51.3872184753418,1.8550931215286255,79.24178314208984,1.0273710489273071
1.7551414966583252,24599,80.6640625,126,53.90625,1.0198708772659302,,,,,,,,,
2.000394821166992,24649,76.5625,126,50.5859375,1.0988870859146118,,,,,,,,,
1.8951563835144043,24699,78.3203125,126,49.21875,1.0932714939117432,,,,,,,,,
1.5815857648849487,24749,87.109375,126,58.3984375,0.9993683099746704,,,,,,,,,
,24764,,126,,,47.779998779296875,72.61000061035156,54.65999984741211,83.6500015258789,1.641635537147522,,,,
,24764,,126,,,,,,,,51.40424728393555,1.8429113626480103,79.4931869506836,1.020893931388855
1.6588231325149536,24799,82.6171875,127,55.078125,0.9590810537338257,,,,,,,,,
1.8827917575836182,24849,78.515625,127,50.9765625,0.8983192443847656,,,,,,,,,
1.8349590301513672,24899,77.1484375,127,51.7578125,1.0519037246704102,,,,,,,,,
1.8879809379577637,24949,76.5625,127,50.390625,1.0122365951538086,,,,,,,,,
,24959,,127,,,48.099998474121094,73.04000091552734,54.1099967956543,83.16999816894531,1.652489423751831,,,,
,24959,,127,,,,,,,,51.56049728393555,1.8496803045272827,79.36197662353516,1.0166947841644287
1.734989047050476,24999,81.25,128,52.9296875,1.0652930736541748,,,,,,,,,
1.8703688383102417,25049,81.4453125,128,50.390625,1.0308055877685547,,,,,,,,,
1.9262828826904297,25099,78.125,128,48.046875,1.1604959964752197,,,,,,,,,
1.830019235610962,25149,81.0546875,128,50.9765625,0.9962960481643677,,,,,,,,,
,25154,,128,,,47.779998779296875,73.1500015258789,54.25,82.68999481201172,1.6701661348342896,,,,
,25154,,128,,,,,,,,51.40324401855469,1.8457965850830078,79.47916412353516,1.0190032720565796
1.7464218139648438,25199,80.2734375,129,57.2265625,0.9633053541183472,,,,,,,,,
1.8580937385559082,25249,77.734375,129,50.5859375,1.216705560684204,,,,,,,,,
1.7963042259216309,25299,79.8828125,129,51.5625,0.990048348903656,,,,,,,,,
1.866910696029663,25349,79.8828125,129,49.8046875,1.0148677825927734,,,,,,,,,
,25349,,129,,,47.54999923706055,72.95999908447266,54.459999084472656,83.29000091552734,1.6424312591552734,,,,
,25349,,129,,,,,,,,51.76582717895508,1.834260106086731,79.59435272216797,1.0147355794906616
1.916500210762024,25399,78.3203125,130,48.828125,1.0589094161987305,,,,,,,,,
1.8945034742355347,25449,77.34375,130,50.78125,0.9756001234054565,,,,,,,,,
1.938755989074707,25499,77.5390625,130,49.609375,0.9555813074111938,,,,,,,,,
,25544,,130,,,47.84000015258789,72.66999816894531,55.5,84.08999633789062,1.6083130836486816,,,,
,25544,,130,,,,,,,,51.511417388916016,1.835226058959961,79.60636901855469,1.0067882537841797
1.9397202730178833,25549,78.125,131,47.0703125,0.9339936375617981,,,,,,,,,
1.7683589458465576,25599,80.46875,131,53.125,0.8903827667236328,,,,,,,,,
1.7298381328582764,25649,82.8125,131,53.3203125,0.8466461896896362,,,,,,,,,
1.914265513420105,25699,81.0546875,131,51.3671875,1.0134116411209106,,,,,,,,,
,25739,,131,,,48.29999923706055,72.83999633789062,55.23999786376953,83.83999633789062,1.6092439889907837,,,,
,25739,,131,,,,,,,,51.8359375,1.8160675764083862,80.03205108642578,0.984404444694519
1.9146206378936768,25749,79.8828125,132,51.5625,0.997090756893158,,,,,,,,,
1.857515811920166,25799,79.1015625,132,49.8046875,1.0959111452102661,,,,,,,,,
1.9352681636810303,25849,75.5859375,132,52.1484375,0.9967131614685059,,,,,,,,,
1.98740816116333,25899,77.5390625,132,50.0,0.9298899173736572,,,,,,,,,
,25934,,132,,,48.88999938964844,73.8499984741211,55.709999084472656,84.43999481201172,1.5980544090270996,,,,
,25934,,132,,,,,,,,51.87800598144531,1.8221015930175781,79.80769348144531,1.0003401041030884
1.730741262435913,25949,80.46875,133,55.2734375,1.0229089260101318,,,,,,,,,
1.8324193954467773,25999,79.4921875,133,50.78125,0.8422752618789673,,,,,,,,,
1.8688915967941284,26049,76.5625,133,53.515625,1.0468599796295166,,,,,,,,,
1.8785760402679443,26099,77.9296875,133,50.390625,0.9911612272262573,,,,,,,,,
,26129,,133,,,48.939998626708984,73.06999969482422,55.80999755859375,83.88999938964844,1.5976896286010742,,,,
,26129,,133,,,,,,,,52.28866195678711,1.8068320751190186,79.9599380493164,0.976370096206665
1.8223321437835693,26149,78.515625,134,52.9296875,0.9606732726097107,,,,,,,,,
1.950739860534668,26199,75.0,134,48.2421875,1.0607529878616333,,,,,,,,,
1.5994092226028442,26249,83.984375,134,54.8828125,0.9075617790222168,,,,,,,,,
1.8115050792694092,26299,80.078125,134,51.3671875,1.075047492980957,,,,,,,,,
,26324,,134,,,48.70000076293945,73.9800033569336,56.099998474121094,84.27999877929688,1.5765964984893799,,,,
,26324,,134,,,,,,,,52.16145706176758,1.812743067741394,80.13321685791016,0.9864597916603088
1.889337420463562,26349,81.640625,135,50.5859375,1.146942377090454,,,,,,,,,
1.7047139406204224,26399,81.4453125,135,53.7109375,1.0060291290283203,,,,,,,,,
1.9695241451263428,26449,75.1953125,135,48.6328125,0.8613924980163574,,,,,,,,,
1.7708544731140137,26499,79.8828125,135,52.34375,0.9713877439498901,,,,,,,,,
,26519,,135,,,49.4900016784668,74.2699966430664,56.25,84.72999572753906,1.5663414001464844,,,,
,26519,,135,,,,,,,,52.567108154296875,1.7947661876678467,80.26142120361328,0.9755609035491943
1.7470272779464722,26549,80.2734375,136,55.46875,0.943282425403595,,,,,,,,,
2.0559804439544678,26599,78.125,136,46.6796875,0.9097741842269897,,,,,,,,,
1.8987303972244263,26649,80.078125,136,50.5859375,0.8849085569381714,,,,,,,,,
1.9630409479141235,26699,76.171875,136,50.0,0.9683635234832764,,,,,,,,,
,26714,,136,,,49.20000076293945,74.05999755859375,57.119998931884766,84.6500015258789,1.557755708694458,,,,
,26714,,136,,,,,,,,52.56510543823242,1.7969096899032593,80.25140380859375,0.9773238897323608
1.8235602378845215,26749,80.46875,137,52.1484375,0.9266916513442993,,,,,,,,,
1.7130508422851562,26799,83.0078125,137,52.734375,0.9635929465293884,,,,,,,,,
1.7661752700805664,26849,82.03125,137,51.5625,1.086747407913208,,,,,,,,,
1.9506001472473145,26899,76.953125,137,50.9765625,1.0870293378829956,,,,,,,,,
,26909,,137,,,48.400001525878906,73.3499984741211,56.07999801635742,84.54999542236328,1.5780030488967896,,,,
,26909,,137,,,,,,,,52.36578369140625,1.8015356063842773,80.2303695678711,0.9742668867111206
1.7504340410232544,26949,81.25,138,56.0546875,0.9766917824745178,,,,,,,,,
1.5935767889022827,26999,84.765625,138,58.3984375,0.8976976871490479,,,,,,,,,
1.712730884552002,27049,81.25,138,56.25,0.9974451661109924,,,,,,,,,
1.787712574005127,27099,78.515625,138,54.6875,1.0043596029281616,,,,,,,,,
,27104,,138,,,48.939998626708984,73.97000122070312,56.29999923706055,84.12999725341797,1.5924627780914307,,,,
,27104,,138,,,,,,,,52.613182067871094,1.798308253288269,80.15625,0.9742559790611267
1.8355830907821655,27149,79.4921875,139,54.296875,1.10111665725708,,,,,,,,,
1.8572165966033936,27199,77.5390625,139,50.5859375,1.0141338109970093,,,,,,,,,
1.7654979228973389,27249,82.8125,139,51.5625,1.0301759243011475,,,,,,,,,
1.9308353662490845,27299,78.7109375,139,48.6328125,0.9804773330688477,,,,,,,,,
,27299,,139,,,48.959999084472656,73.55999755859375,56.66999816894531,84.48999786376953,1.569348931312561,,,,
,27299,,139,,,,,,,,52.5,1.795570731163025,80.28646087646484,0.9811789393424988
1.7596888542175293,27349,80.078125,140,52.34375,0.9397701025009155,,,,,,,,,
1.809586763381958,27399,81.25,140,51.3671875,0.9809058904647827,,,,,,,,,
1.9910327196121216,27449,76.5625,140,47.8515625,1.0061649084091187,,,,,,,,,
,27494,,140,,,49.63999938964844,73.68000030517578,55.7599983215332,84.30999755859375,1.5898529291152954,,,,
,27494,,140,,,,,,,,52.785457611083984,1.7880170345306396,80.48177337646484,0.9720310568809509
1.7719956636428833,27499,82.8125,141,52.34375,0.8448883295059204,,,,,,,,,
1.6653666496276855,27549,83.7890625,141,53.125,0.871263861656189,,,,,,,,,
1.8326102495193481,27599,79.6875,141,54.296875,1.0573370456695557,,,,,,,,,
1.6952192783355713,27649,83.59375,141,54.4921875,0.9595212936401367,,,,,,,,,
,27689,,141,,,49.43000030517578,73.98999786376953,56.55999755859375,85.0,1.5502848625183105,,,,
,27689,,141,,,,,,,,53.046875,1.7700622081756592,80.61798858642578,0.95294588804245
1.7533705234527588,27699,81.640625,142,52.734375,0.9888535141944885,,,,,,,,,
1.6626604795455933,27749,82.2265625,142,53.125,0.9114701747894287,,,,,,,,,
1.937096357345581,27799,79.1015625,142,49.4140625,1.0037221908569336,,,,,,,,,
1.843244194984436,27849,80.46875,142,47.65625,1.0083420276641846,,,,,,,,,
,27884,,142,,,49.18000030517578,74.25,56.02000045776367,84.1199951171875,1.5920342206954956,,,,
,27884,,142,,,,,,,,53.10797119140625,1.7692971229553223,80.75320434570312,0.9528928399085999
1.8323746919631958,27899,78.90625,143,49.609375,0.9456924200057983,,,,,,,,,
1.928879976272583,27949,77.5390625,143,50.5859375,1.0115230083465576,,,,,,,,,
1.7521262168884277,27999,82.03125,143,55.2734375,0.9092013239860535,,,,,,,,,
1.667320966720581,28049,83.203125,143,52.9296875,0.8801274299621582,,,,,,,,,
,28079,,143,,,49.40999984741211,74.29000091552734,56.52000045776367,84.40999603271484,1.5690110921859741,,,,
,28079,,143,,,,,,,,53.33032989501953,1.7681655883789062,80.63401794433594,0.948512613773346
1.6980937719345093,28099,83.0078125,144,54.1015625,1.007971167564392,,,,,,,,,
1.6943259239196777,28149,82.03125,144,52.1484375,0.9278692007064819,,,,,,,,,
1.691951036453247,28199,81.0546875,144,56.0546875,0.9987673759460449,,,,,,,,,
1.7616996765136719,28249,80.859375,144,52.1484375,0.8976414799690247,,,,,,,,,
,28274,,144,,,49.459999084472656,74.0999984741211,56.709999084472656,84.91999816894531,1.5623997449874878,,,,
,28274,,144,,,,,,,,53.38140869140625,1.756575345993042,80.9375,0.9404406547546387
1.8941600322723389,28299,77.1484375,145,51.7578125,0.9422294497489929,,,,,,,,,
1.7942103147506714,28349,79.296875,145,49.8046875,1.0348328351974487,,,,,,,,,
1.6241694688796997,28399,84.375,145,57.03125,0.8618578910827637,,,,,,,,,
1.6688728332519531,28449,83.0078125,145,57.421875,0.9980902075767517,,,,,,,,,
,28469,,145,,,49.61000061035156,74.75,57.29999923706055,85.25,1.5373340845108032,,,,
,28469,,145,,,,,,,,53.628807067871094,1.7521177530288696,80.87940979003906,0.9324023723602295
1.664686918258667,28499,81.8359375,146,56.0546875,0.953572154045105,,,,,,,,,
1.673887014389038,28549,81.640625,146,54.1015625,1.0015711784362793,,,,,,,,,
1.8971009254455566,28599,77.734375,146,51.5625,1.0682387351989746,,,,,,,,,
1.8615567684173584,28649,78.90625,146,51.3671875,0.9838069081306458,,,,,,,,,
,28664,,146,,,49.11000061035156,73.62000274658203,56.619998931884766,84.87999725341797,1.5555613040924072,,,,
,28664,,146,,,,,,,,53.7109375,1.744852066040039,81.11878967285156,0.9359933733940125
1.6560230255126953,28699,82.6171875,147,56.0546875,0.922782838344574,,,,,,,,,
1.8853983879089355,28749,78.90625,147,51.3671875,0.9801226258277893,,,,,,,,,
1.6651239395141602,28799,81.4453125,147,57.03125,0.9957981705665588,,,,,,,,,
1.6783827543258667,28849,83.7890625,147,55.859375,0.9564760327339172,,,,,,,,,
,28859,,147,,,49.09000015258789,73.58999633789062,56.69999694824219,84.40999603271484,1.5570447444915771,,,,
,28859,,147,,,,,,,,53.71895217895508,1.7446657419204712,81.10977935791016,0.9261002540588379
1.595634937286377,28899,82.03125,148,57.6171875,0.9273824095726013,,,,,,,,,
1.7991623878479004,28949,80.078125,148,54.296875,0.9571770429611206,,,,,,,,,
1.9375925064086914,28999,75.9765625,148,50.9765625,0.9733926057815552,,,,,,,,,
1.661820888519287,29049,84.5703125,148,54.6875,0.8337590098381042,,,,,,,,,
,29054,,148,,,51.290000915527344,75.41000366210938,57.96999740600586,85.44999694824219,1.5115982294082642,,,,
,29054,,148,,,,,,,,53.87720489501953,1.7448371648788452,81.0536880493164,0.9253906011581421
1.8322222232818604,29099,79.296875,149,50.5859375,1.002549171447754,,,,,,,,,
1.6624093055725098,29149,83.203125,149,53.90625,0.9129804372787476,,,,,,,,,
1.6867624521255493,29199,81.4453125,149,55.2734375,0.8300764560699463,,,,,,,,,
1.6168615818023682,29249,83.203125,149,59.1796875,0.8553138375282288,,,,,,,,,
,29249,,149,,,50.04999923706055,74.31999969482422,57.41999816894531,85.08999633789062,1.5272877216339111,,,,
,29249,,149,,,,,,,,54.15665054321289,1.7304397821426392,81.27804565429688,0.9129765629768372
1.8096282482147217,29299,81.4453125,150,53.7109375,1.0097366571426392,,,,,,,,,
1.789827823638916,29349,81.0546875,150,52.1484375,0.8981852531433105,,,,,,,,,
1.847010612487793,29399,79.296875,150,51.3671875,0.8898729085922241,,,,,,,,,
,29444,,150,,,50.16999816894531,74.6500015258789,57.72999954223633,85.29999542236328,1.5156363248825073,,,,
,29444,,150,,,,,,,,54.058494567871094,1.7353241443634033,81.23798370361328,0.9080312848091125
1.7568659782409668,29449,81.25,151,49.8046875,0.821855902671814,,,,,,,,,
1.8305318355560303,29499,80.078125,151,51.953125,0.9388911128044128,,,,,,,,,
1.874690055847168,29549,80.2734375,151,50.78125,0.9215580224990845,,,,,,,,,
1.807283878326416,29599,79.1015625,151,51.171875,0.9161099791526794,,,,,,,,,
,29639,,151,,,50.20000076293945,74.94999694824219,57.53999710083008,85.3699951171875,1.5193109512329102,,,,
,29639,,151,,,,,,,,54.197715759277344,1.7274574041366577,81.5184326171875,0.9099501967430115
1.5058029890060425,29649,85.15625,152,63.0859375,0.918594479560852,,,,,,,,,
1.9147934913635254,29699,76.7578125,152,50.5859375,1.0562269687652588,,,,,,,,,
1.5469063520431519,29749,83.3984375,152,59.5703125,0.7669116258621216,,,,,,,,,
1.7234888076782227,29799,81.4453125,152,54.1015625,0.8207375407218933,,,,,,,,,
,29834,,152,,,50.5,74.76000213623047,57.8599967956543,85.52999877929688,1.5105112791061401,,,,
,29834,,152,,,,,,,,54.29386901855469,1.7281980514526367,81.41326141357422,0.9124459028244019
1.89415442943573,29849,78.3203125,153,50.390625,0.9896585941314697,,,,,,,,,
1.7554469108581543,29899,80.2734375,153,54.6875,1.0843532085418701,,,,,,,,,
1.640659213066101,29949,85.7421875,153,55.2734375,0.8659921288490295,,,,,,,,,
1.6966387033462524,29999,80.859375,153,55.46875,0.9482173919677734,,,,,,,,,
,30029,,153,,,49.209999084472656,73.41000366210938,57.099998474121094,85.29000091552734,1.5303809642791748,,,,
,30029,,153,,,,,,,,54.37700271606445,1.7151399850845337,81.57752227783203,0.893675684928894
1.88935124874115,30049,78.90625,154,48.828125,0.8651592135429382,,,,,,,,,
1.795220136642456,30099,77.9296875,154,50.78125,0.7844165563583374,,,,,,,,,
1.7654954195022583,30149,82.421875,154,52.734375,0.8828375339508057,,,,,,,,,
1.7191909551620483,30199,81.25,154,51.171875,0.9673397541046143,,,,,,,,,
,30224,,154,,,50.22999954223633,75.37000274658203,57.619998931884766,85.16999816894531,1.5082807540893555,,,,
,30224,,154,,,,,,,,54.675479888916016,1.705520510673523,81.73377227783203,0.8865557312965393
1.7442070245742798,30249,81.8359375,155,53.515625,0.8617645502090454,,,,,,,,,
1.7602479457855225,30299,81.640625,155,54.1015625,0.8563443422317505,,,,,,,,,
1.732468843460083,30349,82.2265625,155,50.9765625,0.8866413235664368,,,,,,,,,
1.6479864120483398,30399,82.03125,155,56.8359375,0.8926045894622803,,,,,,,,,
,30419,,155,,,49.75,74.19000244140625,57.31999969482422,84.79999542236328,1.5249265432357788,,,,
,30419,,155,,,,,,,,54.75961685180664,1.7015951871871948,81.77884674072266,0.8875031471252441
1.6744084358215332,30449,83.0078125,156,55.859375,0.7865105867385864,,,,,,,,,
1.8584107160568237,30499,79.8828125,156,51.5625,1.030630111694336,,,,,,,,,
1.8494391441345215,30549,78.3203125,156,52.9296875,0.9762812852859497,,,,,,,,,
1.5527162551879883,30599,84.375,156,56.25,0.8922942876815796,,,,,,,,,
,30614,,156,,,50.27000045776367,74.16999816894531,57.64999771118164,85.02999877929688,1.531596064567566,,,,
,30614,,156,,,,,,,,54.75060272216797,1.7038536071777344,81.84595489501953,0.8902402520179749
1.7396388053894043,30649,81.25,157,50.9765625,0.8381787538528442,,,,,,,,,
1.7111331224441528,30699,80.6640625,157,55.078125,0.7778973579406738,,,,,,,,,
1.614936351776123,30749,85.9375,157,55.6640625,0.8852198719978333,,,,,,,,,
1.6174921989440918,30799,83.7890625,157,57.6171875,0.921117901802063,,,,,,,,,
,30809,,157,,,52.34000015258789,75.66999816894531,58.5099983215332,85.91999816894531,1.4782207012176514,,,,
,30809,,157,,,,,,,,54.64743423461914,1.7051587104797363,81.84695434570312,0.8814882636070251
1.7725036144256592,30849,79.8828125,158,54.6875,0.877815842628479,,,,,,,,,
1.782362937927246,30899,81.0546875,158,54.6875,0.9946882724761963,,,,,,,,,
1.771454930305481,30949,80.859375,158,53.7109375,0.90853351354599,,,,,,,,,
1.7120516300201416,30999,81.0546875,158,56.4453125,1.0318760871887207,,,,,,,,,
,31004,,158,,,51.11000061035156,75.27999877929688,58.55999755859375,85.97000122070312,1.473380446434021,,,,
,31004,,158,,,,,,,,55.00901412963867,1.6933410167694092,82.02924346923828,0.8749359250068665
1.491225242614746,31049,85.546875,159,58.7890625,0.7410436868667603,,,,,,,,,
1.5965415239334106,31099,84.375,159,55.46875,0.9039947390556335,,,,,,,,,
1.6763181686401367,31149,82.8125,159,55.6640625,0.9506752490997314,,,,,,,,,
1.6704275608062744,31199,84.1796875,159,58.3984375,0.7662630677223206,,,,,,,,,
,31199,,159,,,50.75,75.36000061035156,58.71999740600586,85.75999450683594,1.4828890562057495,,,,
,31199,,159,,,,,,,,55.0981559753418,1.6923242807388306,81.96814727783203,0.8769553899765015
1.7426414489746094,31249,84.375,160,50.9765625,0.8276795148849487,,,,,,,,,
1.6448965072631836,31299,85.546875,160,54.4921875,0.8370080590248108,,,,,,,,,
1.6804029941558838,31349,82.6171875,160,53.515625,0.9249780774116516,,,,,,,,,
,31394,,160,,,49.90999984741211,74.27999877929688,57.459999084472656,85.2699966430664,1.5228780508041382,,,,
,31394,,160,,,,,,,,55.16926956176758,1.6819864511489868,82.18449401855469,0.8560301661491394
1.7070132493972778,31399,81.8359375,161,55.078125,0.9360042214393616,,,,,,,,,
1.666366696357727,31449,82.421875,161,54.1015625,0.7966777086257935,,,,,,,,,
1.6020383834838867,31499,83.7890625,161,58.203125,0.9058102369308472,,,,,,,,,
1.6391537189483643,31549,85.546875,161,56.25,0.818730354309082,,,,,,,,,
,31589,,161,,,51.439998626708984,75.62000274658203,58.63999938964844,85.98999786376953,1.4891759157180786,,,,
,31589,,161,,,,,,,,55.24839782714844,1.678422212600708,82.43589782714844,0.8544464707374573
1.663625717163086,31599,82.2265625,162,55.078125,0.8446864485740662,,,,,,,,,
1.6550397872924805,31649,83.0078125,162,55.46875,0.9578693509101868,,,,,,,,,
1.6800527572631836,31699,82.8125,162,55.6640625,0.8694342374801636,,,,,,,,,
1.5540235042572021,31749,85.9375,162,55.859375,0.7840796709060669,,,,,,,,,
,31784,,162,,,51.150001525878906,75.1500015258789,57.7599983215332,85.5999984741211,1.5102053880691528,,,,
,31784,,162,,,,,,,,55.35957717895508,1.6747795343399048,82.23558044433594,0.8567087650299072
1.6085349321365356,31799,84.375,163,59.1796875,0.8199005126953125,,,,,,,,,
1.7165080308914185,31849,82.03125,163,53.7109375,0.9147017598152161,,,,,,,,,
1.6935057640075684,31899,81.4453125,163,54.8828125,0.7217546105384827,,,,,,,,,
1.6036083698272705,31949,81.4453125,163,58.3984375,0.8319465517997742,,,,,,,,,
,31979,,163,,,50.79999923706055,74.4800033569336,58.6099967956543,86.0,1.4726121425628662,,,,
,31979,,163,,,,,,,,55.47475814819336,1.6718590259552002,82.30669403076172,0.8509405851364136
1.6182522773742676,31999,85.15625,164,53.7109375,0.7570978403091431,,,,,,,,,
1.6938250064849854,32049,83.203125,164,53.515625,0.8538298606872559,,,,,,,,,
1.6978278160095215,32099,82.03125,164,53.125,0.8863019943237305,,,,,,,,,
1.6971133947372437,32149,83.0078125,164,53.7109375,0.8624280691146851,,,,,,,,,
,32174,,164,,,51.619998931884766,75.88999938964844,58.269996643066406,86.12999725341797,1.476609706878662,,,,
,32174,,164,,,,,,,,55.31550598144531,1.672743320465088,82.35076141357422,0.8521703481674194
1.5622611045837402,32199,85.7421875,165,57.6171875,0.8373283743858337,,,,,,,,,
1.644376516342163,32249,82.8125,165,55.6640625,0.8379337787628174,,,,,,,,,
1.6781644821166992,32299,81.25,165,57.8125,0.8435530662536621,,,,,,,,,
1.8250701427459717,32349,79.8828125,165,50.78125,0.9156092405319214,,,,,,,,,
,32369,,165,,,51.16999816894531,75.38999938964844,58.69999694824219,85.93999481201172,1.4736123085021973,,,,
,32369,,165,,,,,,,,55.45172119140625,1.6737486124038696,82.17047119140625,0.8526604771614075
1.8002140522003174,32399,77.9296875,166,52.34375,0.86790931224823,,,,,,,,,
1.5860017538070679,32449,84.1796875,166,55.6640625,0.8434775471687317,,,,,,,,,
1.5834057331085205,32499,83.984375,166,58.0078125,0.8123065829277039,,,,,,,,,
1.7961857318878174,32549,80.6640625,166,55.6640625,0.8568742275238037,,,,,,,,,
,32564,,166,,,52.29999923706055,75.38999938964844,59.04999923706055,86.27999877929688,1.4589287042617798,,,,
,32564,,166,,,,,,,,55.79426956176758,1.6556521654129028,82.46394348144531,0.8436057567596436
1.8278577327728271,32599,80.078125,167,50.1953125,0.8374014496803284,,,,,,,,,
1.7638332843780518,32649,79.1015625,167,55.6640625,0.8385975956916809,,,,,,,,,
1.5756415128707886,32699,83.0078125,167,57.421875,0.6586083173751831,,,,,,,,,
1.7175930738449097,32749,79.4921875,167,52.734375,0.8832637667655945,,,,,,,,,
,32759,,167,,,51.310001373291016,75.56999969482422,58.369998931884766,86.0999984741211,1.477518081665039,,,,
,32759,,167,,,,,,,,55.6840934753418,1.654211401939392,82.54206848144531,0.8339462876319885
1.4370297193527222,32799,87.5,168,61.328125,0.7682574987411499,,,,,,,,,
1.6425037384033203,32849,83.0078125,168,55.6640625,0.9672859907150269,,,,,,,,,
1.6583526134490967,32899,84.1796875,168,53.515625,0.948407769203186,,,,,,,,,
1.6377408504486084,32949,80.6640625,168,58.59375,0.831046462059021,,,,,,,,,
,32954,,168,,,52.06999969482422,75.8499984741211,58.79999923706055,86.33999633789062,1.4555208683013916,,,,
,32954,,168,,,,,,,,55.949520111083984,1.6483768224716187,82.79146575927734,0.838849663734436
1.5818827152252197,32999,82.421875,169,58.984375,0.819240927696228,,,,,,,,,
1.6368069648742676,33049,83.203125,169,56.640625,0.8458008170127869,,,,,,,,,
1.7525562047958374,33099,82.421875,169,53.90625,0.8300581574440002,,,,,,,,,
1.7641642093658447,33149,80.2734375,169,53.125,0.8064097166061401,,,,,,,,,
,33149,,169,,,51.45000076293945,75.5999984741211,58.87999725341797,86.22999572753906,1.4656126499176025,,,,
,33149,,169,,,,,,,,55.9965934753418,1.6505720615386963,82.54808044433594,0.8370491862297058
1.5572962760925293,33199,83.203125,170,57.421875,0.7317451238632202,,,,,,,,,
1.7200109958648682,33249,82.03125,170,53.125,0.9913744926452637,,,,,,,,,
1.5276148319244385,33299,84.375,170,58.59375,0.880530834197998,,,,,,,,,
,33344,,170,,,52.06999969482422,75.98999786376953,58.73999786376953,86.22999572753906,1.4631381034851074,,,,
,33344,,170,,,,,,,,55.87640380859375,1.6457818746566772,82.69831848144531,0.8261956572532654
1.50999915599823,33349,86.1328125,171,59.765625,0.6886558532714844,,,,,,,,,
1.7049378156661987,33399,82.421875,171,54.1015625,0.7923790216445923,,,,,,,,,
1.6715917587280273,33449,84.9609375,171,52.5390625,0.902510404586792,,,,,,,,,
1.5934710502624512,33499,85.15625,171,55.078125,0.8447737097740173,,,,,,,,,
,33539,,171,,,51.869998931884766,75.88999938964844,59.3599967956543,86.29999542236328,1.44808030128479,,,,
,33539,,171,,,,,,,,55.99959945678711,1.6476829051971436,82.62720489501953,0.8280430436134338
1.7027831077575684,33549,80.2734375,172,55.46875,0.8425968289375305,,,,,,,,,
1.7411456108093262,33599,78.515625,172,54.4921875,0.9472375512123108,,,,,,,,,
1.8332583904266357,33649,79.8828125,172,50.78125,0.8198396563529968,,,,,,,,,
1.6332216262817383,33699,83.203125,172,57.03125,0.8347306251525879,,,,,,,,,
,33734,,172,,,52.0,76.38999938964844,58.849998474121094,86.06999969482422,1.464884877204895,,,,
,33734,,172,,,,,,,,56.24198532104492,1.6367582082748413,82.79347229003906,0.8174741268157959
1.846545934677124,33749,79.8828125,173,53.3203125,0.9040265083312988,,,,,,,,,
1.5698792934417725,33799,85.15625,173,54.296875,0.6662793159484863,,,,,,,,,
1.6093225479125977,33849,83.984375,173,57.2265625,0.920684278011322,,,,,,,,,
1.5880101919174194,33899,84.765625,173,56.0546875,0.836249589920044,,,,,,,,,
,33929,,173,,,51.7400016784668,76.37000274658203,58.81999969482422,86.4000015258789,1.4588261842727661,,,,
,33929,,173,,,,,,,,56.346153259277344,1.6318389177322388,82.99679565429688,0.8095220327377319
1.580446720123291,33949,85.15625,174,59.1796875,0.8199731111526489,,,,,,,,,
1.6658645868301392,33999,82.421875,174,58.3984375,0.7807042598724365,,,,,,,,,
1.6347225904464722,34049,81.8359375,174,55.6640625,0.7706672549247742,,,,,,,,,
1.5995166301727295,34099,84.375,174,57.421875,0.8195148706436157,,,,,,,,,
,34124,,174,,,52.0,76.33999633789062,58.97999954223633,86.20999908447266,1.4597995281219482,,,,
,34124,,174,,,,,,,,56.214942932128906,1.6314575672149658,82.99478912353516,0.810465395450592
1.7264211177825928,34149,82.03125,175,51.953125,0.8836427927017212,,,,,,,,,
1.6892441511154175,34199,81.8359375,175,54.6875,0.8451065421104431,,,,,,,,,
1.644956111907959,34249,81.25,175,54.296875,0.9223127365112305,,,,,,,,,
1.5270572900772095,34299,84.5703125,175,58.0078125,0.8946883082389832,,,,,,,,,
,34319,,175,,,52.689998626708984,77.31999969482422,59.66999816894531,86.80999755859375,1.4318561553955078,,,,
,34319,,175,,,,,,,,56.541465759277344,1.6233309507369995,83.22415924072266,0.8122391700744629
1.5353678464889526,34349,84.9609375,176,56.4453125,0.7805168628692627,,,,,,,,,
1.5859233140945435,34399,85.546875,176,55.859375,0.7355079650878906,,,,,,,,,
1.5462795495986938,34449,85.3515625,176,57.8125,0.7549237012863159,,,,,,,,,
1.5816450119018555,34499,83.59375,176,57.2265625,0.7157022953033447,,,,,,,,,
,34514,,176,,,52.47999954223633,75.7699966430664,59.40999984741211,86.45999908447266,1.4441710710525513,,,,
,34514,,176,,,,,,,,56.4453125,1.6214324235916138,83.06089782714844,0.8075910806655884
1.2957708835601807,34549,88.4765625,177,64.0625,0.7505141496658325,,,,,,,,,
1.5269455909729004,34599,83.0078125,177,59.1796875,0.7167315483093262,,,,,,,,,
1.5080403089523315,34649,84.5703125,177,58.0078125,0.8379315137863159,,,,,,,,,
1.7682950496673584,34699,80.6640625,177,52.34375,0.8739878535270691,,,,,,,,,
,34709,,177,,,51.81999969482422,76.43000030517578,59.32999801635742,86.3499984741211,1.4433599710464478,,,,
,34709,,177,,,,,,,,56.64963912963867,1.6163583993911743,83.21915435791016,0.7923043370246887
1.641343355178833,34749,80.46875,178,57.6171875,0.9329351782798767,,,,,,,,,
1.593519926071167,34799,84.765625,178,57.421875,0.9235578775405884,,,,,,,,,
1.5564758777618408,34849,84.1796875,178,58.203125,0.8012667894363403,,,,,,,,,
1.7160093784332275,34899,82.2265625,178,53.515625,0.8753721714019775,,,,,,,,,
,34904,,178,,,52.849998474121094,76.63999938964844,59.55999755859375,86.72000122070312,1.4340542554855347,,,,
,34904,,178,,,,,,,,56.59254837036133,1.6148127317428589,83.1680679321289,0.7943366169929504
1.71649169921875,34949,82.03125,179,55.2734375,0.9366753101348877,,,,,,,,,
1.5557429790496826,34999,83.203125,179,59.1796875,0.8060160875320435,,,,,,,,,
1.7707884311676025,35049,82.03125,179,54.1015625,0.8620196580886841,,,,,,,,,
1.7392114400863647,35099,82.6171875,179,56.8359375,0.830520749092102,,,,,,,,,
,35099,,179,,,52.90999984741211,76.4000015258789,59.769996643066406,86.58999633789062,1.4286377429962158,,,,
,35099,,179,,,,,,,,56.72175598144531,1.6177006959915161,83.18409729003906,0.80143803358078
1.5585408210754395,35149,83.203125,180,58.203125,0.7754631042480469,,,,,,,,,
1.6185189485549927,35199,82.6171875,180,56.8359375,0.7465976476669312,,,,,,,,,
1.6581306457519531,35249,80.2734375,180,58.203125,0.8435382843017578,,,,,,,,,
,35294,,180,,,52.68000030517578,76.58999633789062,59.55999755859375,86.79999542236328,1.426855206489563,,,,
,35294,,180,,,,,,,,56.91606521606445,1.6100497245788574,83.30829620361328,0.7871896624565125
1.6587543487548828,35299,81.0546875,181,57.6171875,0.7262856960296631,,,,,,,,,
1.569563865661621,35349,83.984375,181,55.078125,0.7208856344223022,,,,,,,,,
1.5148247480392456,35399,84.9609375,181,58.7890625,0.8636434078216553,,,,,,,,,
1.6676080226898193,35449,83.3984375,181,54.6875,0.9710045456886292,,,,,,,,,
,35489,,181,,,52.529998779296875,76.69999694824219,59.5,86.50999450683594,1.4358893632888794,,,,
,35489,,181,,,,,,,,56.88902282714844,1.6122450828552246,83.38742065429688,0.7983466386795044
1.7948400974273682,35499,78.7109375,182,51.3671875,0.9221028089523315,,,,,,,,,
1.385032057762146,35549,89.6484375,182,61.5234375,0.7119520306587219,,,,,,,,,
1.5447611808776855,35599,82.421875,182,60.546875,0.7322872877120972,,,,,,,,,
1.5604666471481323,35649,85.7421875,182,55.6640625,0.8077272176742554,,,,,,,,,
,35684,,182,,,52.63999938964844,76.7300033569336,59.39999771118164,86.65999603271484,1.4358105659484863,,,,
,35684,,182,,,,,,,,57.036258697509766,1.6082574129104614,83.28125,0.7854529619216919
1.6083762645721436,35699,83.59375,183,57.421875,0.7601797580718994,,,,,,,,,
1.613571047782898,35749,84.5703125,183,55.46875,0.7724822163581848,,,,,,,,,
1.5739673376083374,35799,83.203125,183,57.03125,0.7565299272537231,,,,,,,,,
1.6240925788879395,35849,83.984375,183,54.1015625,0.8539328575134277,,,,,,,,,
,35879,,183,,,52.380001068115234,76.66000366210938,59.64999771118164,86.66999816894531,1.427219271659851,,,,
,35879,,183,,,,,,,,57.074317932128906,1.6006841659545898,83.45652770996094,0.7780033946037292
1.5128742456436157,35899,85.7421875,184,58.7890625,0.8639801144599915,,,,,,,,,
1.609809398651123,35949,83.203125,184,58.59375,0.83091139793396,,,,,,,,,
1.6173696517944336,35999,84.5703125,184,58.0078125,0.8059760332107544,,,,,,,,,
1.5677399635314941,36049,83.59375,184,58.7890625,0.761036217212677,,,,,,,,,
,36074,,184,,,53.220001220703125,76.69999694824219,59.96999740600586,86.72999572753906,1.4210940599441528,,,,
,36074,,184,,,,,,,,57.24158477783203,1.593916654586792,83.62179565429688,0.7838809490203857
1.4817898273468018,36099,85.9375,185,58.3984375,0.7986742258071899,,,,,,,,,
1.5957369804382324,36149,84.5703125,185,56.8359375,0.7053450345993042,,,,,,,,,
1.693222999572754,36199,81.640625,185,57.6171875,0.8715134859085083,,,,,,,,,
1.6625405550003052,36249,81.4453125,185,59.765625,0.7746085524559021,,,,,,,,,
,36269,,185,,,52.56999969482422,76.4000015258789,59.529998779296875,86.69999694824219,1.4327290058135986,,,,
,36269,,185,,,,,,,,57.338741302490234,1.5970638990402222,83.5586929321289,0.7808154821395874
1.6082189083099365,36299,84.375,186,57.8125,0.7467318177223206,,,,,,,,,
1.3992438316345215,36349,87.3046875,186,59.765625,0.7428464293479919,,,,,,,,,
1.4709348678588867,36399,84.9609375,186,61.328125,0.7099549770355225,,,,,,,,,
1.6483898162841797,36449,83.7890625,186,56.8359375,0.7901489734649658,,,,,,,,,
,36464,,186,,,53.16999816894531,76.69999694824219,59.89999771118164,86.79000091552734,1.4249627590179443,,,,
,36464,,186,,,,,,,,56.997196197509766,1.6012428998947144,83.40644836425781,0.7848775386810303
1.6611831188201904,36499,81.640625,187,57.6171875,0.8080751895904541,,,,,,,,,
1.484631061553955,36549,87.109375,187,59.1796875,0.7606824636459351,,,,,,,,,
1.5440473556518555,36599,82.03125,187,59.765625,0.8606877326965332,,,,,,,,,
1.6629199981689453,36649,82.421875,187,56.4453125,0.7733937501907349,,,,,,,,,
,36659,,187,,,52.459999084472656,76.01000213623047,59.75,86.94999694824219,1.4235085248947144,,,,
,36659,,187,,,,,,,,57.08533477783203,1.6034225225448608,83.35336303710938,0.790036141872406
1.6645792722702026,36699,82.2265625,188,54.6875,0.7439480423927307,,,,,,,,,
1.5439554452896118,36749,85.9375,188,55.2734375,0.7387142181396484,,,,,,,,,
1.5680265426635742,36799,83.7890625,188,57.2265625,0.6311318874359131,,,,,,,,,
1.589805006980896,36849,83.3984375,188,55.859375,0.6843407154083252,,,,,,,,,
,36854,,188,,,52.93000030517578,76.86000061035156,60.06999969482422,87.08999633789062,1.4171581268310547,,,,
,36854,,188,,,,,,,,57.09635543823242,1.5966285467147827,83.56169891357422,0.781255304813385
1.587538719177246,36899,83.984375,189,55.46875,0.782590389251709,,,,,,,,,
1.5551161766052246,36949,83.203125,189,61.1328125,0.8096697330474854,,,,,,,,,
1.4160348176956177,36999,86.71875,189,60.3515625,0.6956298351287842,,,,,,,,,
1.5632455348968506,37049,86.71875,189,53.515625,0.7741150856018066,,,,,,,,,
,37049,,189,,,53.310001373291016,76.62999725341797,59.959999084472656,87.0,1.4193986654281616,,,,
,37049,,189,,,,,,,,57.17448043823242,1.5981101989746094,83.52163696289062,0.7799293994903564
1.637323021888733,37099,81.25,190,55.6640625,0.7734538316726685,,,,,,,,,
1.6217951774597168,37149,82.2265625,190,54.296875,0.7765196561813354,,,,,,,,,
1.6984167098999023,37199,83.0078125,190,54.1015625,0.826148509979248,,,,,,,,,
,37244,,190,,,53.0099983215332,76.5999984741211,60.029998779296875,87.0,1.4173554182052612,,,,
,37244,,190,,,,,,,,57.32672119140625,1.5947726964950562,83.54566955566406,0.7759294509887695
1.572356939315796,37249,83.0078125,191,56.8359375,0.7402058839797974,,,,,,,,,
1.6681830883026123,37299,81.0546875,191,54.1015625,0.7753549218177795,,,,,,,,,
1.6224908828735352,37349,83.3984375,191,54.296875,0.7568045258522034,,,,,,,,,
1.40785813331604,37399,87.3046875,191,58.3984375,0.705682635307312,,,,,,,,,
,37439,,191,,,53.16999816894531,76.69999694824219,59.98999786376953,86.97000122070312,1.4189718961715698,,,,
,37439,,191,,,,,,,,57.176483154296875,1.5953999757766724,83.56370544433594,0.7830095887184143
1.5089938640594482,37449,85.546875,192,58.59375,0.8388720154762268,,,,,,,,,
1.6487212181091309,37499,83.203125,192,55.46875,0.7151381969451904,,,,,,,,,
1.5486055612564087,37549,83.3984375,192,57.6171875,0.6729041934013367,,,,,,,,,
1.643355131149292,37599,81.8359375,192,55.6640625,0.7821596264839172,,,,,,,,,
,37634,,192,,,52.79999923706055,77.02999877929688,60.0,86.97000122070312,1.4151077270507812,,,,
,37634,,192,,,,,,,,57.16546630859375,1.5955551862716675,83.5586929321289,0.7814139127731323
1.4414010047912598,37649,83.0078125,193,62.890625,0.7544202208518982,,,,,,,,,
1.5531110763549805,37699,82.8125,193,60.15625,0.8113237023353577,,,,,,,,,
1.5951428413391113,37749,82.2265625,193,57.6171875,0.8867212533950806,,,,,,,,,
1.4945383071899414,37799,84.5703125,193,60.3515625,0.6381144523620605,,,,,,,,,
,37829,,193,,,53.29999923706055,76.77999877929688,59.73999786376953,86.80999755859375,1.4213531017303467,,,,
,37829,,193,,,,,,,,57.21854782104492,1.592936635017395,83.65084075927734,0.7693411111831665
1.6529288291931152,37849,84.375,194,55.6640625,0.703792929649353,,,,,,,,,
1.734631061553955,37899,82.421875,194,55.859375,0.7878382205963135,,,,,,,,,
1.5155609846115112,37949,84.5703125,194,61.1328125,0.7921939492225647,,,,,,,,,
1.5615863800048828,37999,83.984375,194,57.2265625,0.7253295183181763,,,,,,,,,
,38024,,194,,,53.02000045776367,76.27999877929688,59.849998474121094,86.81999969482422,1.4219621419906616,,,,
,38024,,194,,,,,,,,57.20152282714844,1.5903854370117188,83.6728744506836,0.7744114995002747
1.532580852508545,38049,84.765625,195,59.9609375,0.73985356092453,,,,,,,,,
1.7859830856323242,38099,79.1015625,195,54.8828125,0.8013994693756104,,,,,,,,,
1.6593213081359863,38149,80.6640625,195,57.8125,0.7299625277519226,,,,,,,,,
1.648339033126831,38199,83.3984375,195,55.46875,0.9333654642105103,,,,,,,,,
,38219,,195,,,52.63999938964844,76.91999816894531,60.14999771118164,86.97999572753906,1.415183663368225,,,,
,38219,,195,,,,,,,,57.20452880859375,1.5965110063552856,83.66185760498047,0.7685492038726807
1.4343266487121582,38249,86.5234375,196,63.0859375,0.6966525912284851,,,,,,,,,
1.700669765472412,38299,81.0546875,196,55.6640625,0.8445155620574951,,,,,,,,,
1.5424585342407227,38349,85.3515625,196,55.46875,0.7134028077125549,,,,,,,,,
1.5812478065490723,38399,85.546875,196,56.25,0.8949873447418213,,,,,,,,,
,38414,,196,,,52.45000076293945,77.20999908447266,59.94999694824219,87.08999633789062,1.4162222146987915,,,,
,38414,,196,,,,,,,,57.66225814819336,1.584520697593689,83.7159423828125,0.7756487131118774
1.596447229385376,38449,84.5703125,197,58.7890625,0.6850895285606384,,,,,,,,,
1.7225146293640137,38499,80.2734375,197,53.7109375,0.9847477674484253,,,,,,,,,
1.812676191329956,38549,78.3203125,197,52.1484375,0.8081149458885193,,,,,,,,,
1.6630325317382812,38599,83.3984375,197,51.3671875,0.618048906326294,,,,,,,,,
,38609,,197,,,52.91999816894531,76.86000061035156,59.869998931884766,86.93000030517578,1.4197626113891602,,,,
,38609,,197,,,,,,,,57.38581848144531,1.5908468961715698,83.6368179321289,0.7660719752311707
1.7558364868164062,38649,82.8125,198,54.1015625,0.8146262168884277,,,,,,,,,
1.4214520454406738,38699,86.328125,198,61.1328125,0.6385290622711182,,,,,,,,,
1.4397940635681152,38749,88.28125,198,58.3984375,0.774253249168396,,,,,,,,,
1.6037150621414185,38799,81.4453125,198,58.59375,0.7858943939208984,,,,,,,,,
,38804,,198,,,52.279998779296875,76.66999816894531,59.959999084472656,86.97000122070312,1.4152840375900269,,,,
,38804,,198,,,,,,,,57.137420654296875,1.593949794769287,83.55769348144531,0.773471474647522
1.5603013038635254,38849,83.203125,199,60.15625,0.6983689069747925,,,,,,,,,
1.4776062965393066,38899,85.9375,199,60.15625,0.6325540542602539,,,,,,,,,
1.691532850265503,38949,81.8359375,199,53.3203125,0.7883116006851196,,,,,,,,,
1.5597964525222778,38999,83.984375,199,57.421875,0.8794306516647339,,,,,,,,,
,38999,,199,,,53.29999923706055,77.0999984741211,59.769996643066406,86.93000030517578,1.425372838973999,,,,
,38999,,199,,,,,,,,57.29467010498047,1.5847781896591187,83.8321304321289,0.7685244679450989
